gene,median
SAMD11,4495.0
KLHL17,3603.0
TTLL10,5857.0
SCNN1D,4220.5
GABRD,5609.0
PRKCZ,3026.5
SKI,1411.0
TPRG1L,946.0
DFFB,4292.0
KCNAB2,3892.0
TAS1R1,5459.0
THAP3,4247.0
CAMTA1,3857.0
VAMP3,803.5
PER3,4932.5
PARK7,384.0
H6PD,910.0
PIK3CD,2907.0
KIF1B,1564.0
PEX14,2162.0
TARDBP,827.0
UBIAD1,2350.0
FBXO44,3131.0
FBXO6,2112.0
PLOD1,672.0
MIIP,2161.0
TNFRSF8,5488.0
PDPN,5857.0
KAZN,4433.5
TMEM51,2339.0
FHAD1,5588.0
EFHD2,704.5
CELA2B,5325.0
DNAJC16,2532.0
FBLIM1,2103.0
CROCC,4391.5
ACTL8,5335.0
PLA2G2F,6075.0
VWA5B1,4999.0
ALPL,4618.0
CELA3B,5641.5
CELA3A,5658.5
CDC42,1459.0
PITHD1,1642.0
SRRM1,1244.0
RHD,5744.0
TMEM50A,1601.0
EXTL1,5336.0
PDIK1L,3870.5
FAM110D,5546.0
CNKSR1,4344.0
CEP85,2858.5
CD52,4776.0
DHDDS,2845.0
ARID1A,2424.0
SFN,1987.0
FAM76A,4115.5
STX12,2022.0
SMPDL3B,4302.5
XKR8,3376.0
PHACTR4,1139.0
TRNAU1AP,3465.0
EPB41,3600.0
PTPRU,3081.5
SERINC2,704.0
TINAGL1,1462.5
CCDC28B,4247.0
IQCC,3833.0
EIF3I,634.0
LCK,5515.0
HDAC1,568.0
TSSK3,4958.0
AZIN2,4926.0
ZNF362,2429.5
ZSCAN20,4581.5
C1orf94,5857.0
GJB3,5339.0
ZMYM4,2057.0
NCDN,3127.0
AGO4,3467.0
MAP7D1,2269.5
ZC3H12A,1803.5
DNALI1,3989.0
CDCA8,2253.0
MANEAL,2854.0
NDUFS5,551.0
MACF1,2320.0
PPIE,3059.0
MFSD2A,4208.0
CAP1,277.5
ZMPSTE24,1092.0
SMAP2,648.0
ZFP69B,4456.0
EXO5,2257.0
NFYC,1386.0
KCNQ4,5076.0
CTPS1,2735.0
PPCS,1981.0
CCDC30,5450.0
PPIH,2966.0
ERMAP,3983.0
ZNF691,4042.0
MPL,5205.0
PTPRF,1098.0
ST3GAL3,3265.0
ARTN,4953.5
IPO13,2006.0
ATP6V0B,530.0
B4GALT2,1390.0
DMAP1,3688.0
RNF220,1551.0
TOE1,3054.0
NASP,2111.0
TMEM69,1843.0
MAST2,2712.0
RAD54L,3728.0
FOXE3,5482.5
FOXD2,4462.0
CDKN2C,2514.0
RNF11,1190.0
ZFYVE9,2155.0
GPX7,3028.0
ZYG11B,1776.0
ZYG11A,2958.5
SCP2,1056.0
DMRTB1,5875.5
TCEANC2,3700.0
ACOT11,4349.0
TMEM61,5287.0
PRKAA2,3820.5
C8A,2938.0
FGGY,3626.0
NFIA,3799.0
USP1,2058.0
ANGPTL3,2324.0
ATG4C,3221.0
ALG6,3713.0
PGM1,761.5
ROR1,4055.0
UBE2U,6044.0
CACHD1,4742.0
DNAJC6,4407.0
SGIP1,5842.0
MIER1,2506.5
IL23R,5526.0
LRRC7,5748.0
TYW3,2471.0
AK5,5706.0
DNAJB4,3877.0
PRKACB,3732.0
DNASE2B,6143.5
CLCA2,6289.0
SH3GLB1,1736.0
LMO4,1658.0
LRRC8C,4370.0
ZNF326,3367.0
BTBD8,4837.0
CCDC18,3925.0
DR1,2528.0
FNBP1L,1250.0
SLC44A3,2082.5
AGL,1249.0
RTCA,1676.5
CDC14A,4491.0
GPR88,5460.0
VCAM1,5366.0
NTNG1,6099.0
SYPL2,4730.5
ATXN7L2,3965.0
CYB561D1,3344.0
AMPD2,3001.0
GSTM5,5715.0
CSF1,2083.0
AHCYL1,931.0
UBL4B,5920.5
RBM15,1040.0
PROK1,5747.5
CD53,4858.0
CEPT1,2247.0
CHI3L2,5816.5
RAP1A,1791.0
DDX20,3465.5
CAPZA1,550.0
MOV10,1141.0
LRIG2,3226.0
MAGI3,3226.0
HIPK1,2270.0
SLC22A15,4861.0
MAB21L3,4983.0
ATP1A1,302.0
CD2,5659.0
CD101,5243.0
WDR3,2116.0
HAO2,5156.0
HSD3B1,5891.0
ITGA10,4753.0
ANKRD35,5480.0
CHD1L,1375.0
ECM1,4567.0
ADAMTSL4,3558.0
C1orf56,3915.0
PSMD4,577.5
ZNF687,2449.0
OAZ3,5236.0
LCE1B,6070.5
S100A9,3395.5
CHTOP,1228.0
SNAPIN,2236.5
NPR1,4538.5
UBAP2L,902.5
HAX1,492.0
TDRD10,5674.5
FLAD1,1517.0
LENEP,5341.0
ZBTB7B,1997.5
ADAM15,1034.0
EFNA4,2450.0
SLC50A1,1707.0
RAB25,5370.0
SLC25A44,2132.0
BCAN,4820.0
PRCC,2283.0
NTRK1,5891.0
LRRC71,5584.5
CD1D,5499.0
MNDA,6205.0
IFI16,5007.0
FCER1A,5963.5
SLAMF8,5675.0
ATP1A4,6148.5
PEA15,1294.0
NCSTN,805.0
KLHDC9,4454.0
NIT1,3351.0
UFC1,1286.0
PPOX,3328.0
NDUFS2,841.0
FCER1G,3465.0
TOMM40L,1580.0
FCGR2A,5641.0
DUSP12,2626.0
ATF6,1840.0
DDR2,4910.5
NUF2,3047.0
UCK2,1704.0
POGK,1460.0
RCSD1,4670.0
MPZL1,1497.0
DCAF6,1189.0
TIPRL,1852.0
SFT2D2,2077.0
TBX19,4127.0
ATP1B1,509.5
GORAB,3490.0
PRRX1,5428.0
MROH9,6174.0
FMO3,5365.0
FMO4,4162.0
DNM3,5253.0
C1orf105,5324.0
SUCO,2421.0
PRDX6,251.0
ZBTB37,3456.0
GPR52,4187.5
TEX35,6143.5
RALGPS2,2296.0
FAM20B,2389.5
TOR3A,2310.5
FAM163A,5867.0
TOR1AIP1,1163.0
CEP350,2938.0
QSOX1,2495.0
LHX4,4852.0
XPR1,2091.5
CACNA1E,5935.0
SMG7,2084.0
TSEN15,3554.0
HMCN1,5935.0
PRG4,5149.0
PLA2G4A,5169.5
RGS18,6074.0
RGS2,2959.0
CDC73,2687.0
CFH,4282.5
CFHR3,6148.5
CFHR5,5483.0
CRB1,5865.0
LHX9,5849.5
NR5A2,1709.0
CAMSAP2,2979.0
PKP1,5769.0
IPO9,1560.0
RNPEP,1304.0
LGR6,5580.0
PPP1R12B,3732.0
ADORA1,5143.0
PRELP,4935.0
ATP2B4,1764.5
MDM4,1668.0
CNTN2,5830.5
TMCC2,5322.0
CDK18,2901.5
AVPR1B,6143.5
CTSE,4926.5
DYRK3,4960.0
MAPKAPK2,985.0
IL19,6025.0
IL20,6148.5
C4BPA,1915.5
CR1,6035.0
TRAF3IP3,5140.0
SYT14,6143.5
RCOR3,2836.0
TRAF5,4370.0
PPP2R5A,1028.0
NENF,752.5
ATF3,3474.0
VASH2,4622.0
PROX1,2055.0
SMYD2,2184.5
CENPF,1647.5
KCNK2,6368.0
KCTD3,1212.5
IARS2,469.5
BROX,1562.0
FBXO28,2407.0
CNIH3,5256.0
MIXL1,5173.0
PSEN2,3517.0
ZNF678,4303.0
ARF1,136.0
GJC2,4577.0
OBSCN,4949.5
RAB4A,1758.0
URB2,1764.0
GALNT2,1969.0
COG2,2205.5
ARV1,2305.0
SPRTN,3609.0
KCNK1,4247.5
SLC35F3,5133.0
GGPS1,1977.0
EDARADD,4506.5
LGALS8,2479.0
MTR,2687.0
FMN2,6025.0
KMO,5256.0
EXO1,2524.0
ZBTB18,3254.5
DESI2,1463.0
EFCAB2,4269.0
CNST,3340.0
SCCPDH,1305.0
NLRP3,6064.0
PGBD2,4228.0
C1orf159,3900.0
SDF4,553.0
UBE2J2,2252.0
SSU72,888.0
CFAP74,4291.0
FAAP20,3188.0
PEX10,3351.0
MEGF6,3766.5
LRRC47,1962.0
NPHP4,3967.0
RPL22,1214.0
ICMT,1287.0
GPR153,3823.0
ACOT7,2782.0
HES2,4936.0
KLHL21,1944.0
DNAJC11,2008.0
TNFRSF9,5149.5
ERRFI1,443.0
CLSTN1,877.0
CTNNBIP1,2289.0
LZIC,1253.0
DFFA,935.0
CASZ1,3921.0
C1orf127,5667.0
SRM,696.0
EXOSC10,977.5
MTOR,2737.0
FBXO2,2060.0
CASP9,2873.0
ZBTB17,3012.0
HSPB7,5518.0
FAM131C,4907.0
ARHGEF19,4037.0
FBXO42,2811.0
SDHB,251.5
TAS1R2,5940.5
ALDH4A1,1719.0
UBR4,610.0
EMC1,1893.0
AKR7A3,3275.5
AKR7A2,1191.0
CAPZB,2031.0
TMCO4,3068.0
RNF186,5457.0
PLA2G2A,2776.5
ECE1,1444.0
RAP1GAP,2498.5
USP48,3163.5
HSPG2,1941.0
WNT4,5096.0
HTR1D,5253.0
GALE,1765.0
IFNLR1,4220.5
STPG1,4529.5
RUNX3,3883.0
SYF2,2446.0
RHCE,5076.0
AUNIP,4305.0
PAQR7,3856.0
SLC30A2,5478.0
UBXN11,3786.0
ZNF683,5234.0
NR0B2,2795.5
MAP3K6,3697.5
FGR,5626.0
IFI6,1277.0
RPA2,1782.0
EYA3,1825.0
TAF12,2377.5
SRSF4,1690.0
MATN1,5550.0
LAPTM5,4666.5
SDC3,3322.0
PUM1,596.0
PEF1,1351.0
ADGRB2,5304.0
SPOCD1,4910.0
BSDC1,1501.0
ZBTB8OS,2929.0
SYNC,4775.0
TMEM54,2326.0
TRIM62,4123.5
CSMD2,5864.0
DLGAP3,5203.0
CLSPN,3984.0
TRAPPC3,1036.0
EVA1B,3019.0
STK40,1812.0
LSM10,2263.0
OSCP1,4993.0
CSF3R,4199.0
SNIP1,3560.0
EPHA10,4828.0
YRDC,2410.0
FHL3,3200.0
POU3F1,5579.0
PABPC4,633.0
HPCAL4,5522.0
MYCL,4633.0
RIMS3,4408.0
SLFNL1,5058.0
HIVEP3,4732.0
ZMYND12,4978.0
SLC2A1,2327.0
ELOVL1,787.0
MED8,1878.0
SLC6A9,4070.0
BEST4,4865.0
MUTYH,3512.0
PRDX1,82.0
IPP,2958.0
POMGNT1,1575.0
LRRC41,2831.0
KNCN,5816.5
MKNK1,2345.0
ATPAF1,2311.0
EFCAB14,2649.0
TAL1,5623.0
TTC39A,4352.5
TXNDC12,752.5
CC2D1B,3079.5
ORC1,2955.0
MAGOH,2411.0
LRP8,3305.5
GLIS1,5701.0
NDC1,2871.5
YIPF1,2008.0
TTC22,3905.5
DHCR24,423.0
C8B,4437.0
DAB1,5890.0
AK2,855.0
JUN,835.5
C1orf87,6197.0
KANK4,3884.0
DOCK7,2769.0
ITGB3BP,3779.0
JAK1,950.0
SERBP1,706.0
DIRAS3,5485.0
WLS,1939.5
ANKRD13C,2888.0
PTGER3,5463.5
NEGR1,5637.5
LRRIQ3,5623.0
SLC44A5,4003.0
ZZZ3,2110.0
USP33,2814.0
AIDA,2256.0
LPAR3,5375.0
ZNHIT6,2355.0
COL24A1,5180.0
ODF2L,3783.0
GBP3,5082.0
GBP5,5857.0
ZNF644,2198.5
HFM1,5915.0
TGFBR3,3452.0
DNTTIP2,2247.5
GCLM,561.0
CNN3,463.0
DPYD,3764.0
FRRS1,1626.0
SASS6,3225.0
COL11A1,5434.0
VAV3,4790.0
HENMT1,4523.5
AKNAD1,5914.0
CLCC1,1791.0
WDR47,3971.0
TAF13,768.0
PSRC1,2333.0
SORT1,2081.0
AMIGO1,4400.0
GSTM3,1711.5
LAMTOR5,1321.5
KCNA2,6220.0
LRIF1,2718.0
WDR77,2738.5
KCND3,5637.0
ST7L,3593.0
RHOC,682.0
PPM1J,4875.5
PHTF1,3129.0
PTPN22,5651.0
AP4B1,3580.0
BCAS2,1556.0
AMPD1,6070.5
TSPAN2,5816.5
CD58,2796.5
IGSF3,3483.0
GDAP2,2550.0
SPAG17,5884.0
REG4,5609.5
ADAM30,6148.5
NOTCH2,2800.0
POLR3GL,3112.5
POLR3C,2430.5
CD160,5713.0
FMO5,2310.0
SV2A,3717.0
MCL1,773.0
CTSS,3929.0
CTSK,4180.0
ARNT,2892.0
CERS2,582.0
LYSMD1,3584.0
RFX5,1989.0
POGZ,2969.0
CELF3,5679.0
RORC,3052.0
THEM5,5886.0
S100A10,423.0
S100A11,204.0
FLG2,6110.0
CRNN,6024.0
PGLYRP3,6070.5
S100A8,6074.0
S100A6,2579.0
S100A5,5349.0
S100A4,2263.5
S100A3,4885.0
S100A2,4986.0
S100A14,4444.0
S100A13,1307.5
ILF2,303.0
DENND4B,2390.5
RAB13,1854.0
ADAR,602.0
KCNN3,5364.0
PYGO2,1550.0
SHC1,937.0
DCST2,5084.0
MUC1,4627.5
KRTCAP2,632.0
THBS3,3838.0
GON4L,2991.0
ARHGEF2,1822.0
SSR2,342.0
PAQR6,4155.0
SMG5,1829.0
GLMP,1176.0
IQGAP3,3131.5
GPATCH4,1746.0
ISG20L2,1976.0
MRPL24,2009.5
ARHGEF11,2643.0
ETV3,2828.0
FCRL2,6091.5
FCRL1,5894.0
AIM2,5367.0
CFAP45,4938.0
SLAMF9,5351.0
IGSF8,3154.0
PEX19,2133.0
SLAMF1,5928.5
CD244,5374.5
USF1,1401.0
ARHGAP30,4856.0
B4GALT3,2233.0
ADAMTS4,4610.0
NR1I3,4687.0
OLFML2B,5322.0
LMX1A,6116.0
RXRG,6205.0
TMCO1,598.0
TADA1,2753.0
CD247,5701.0
SLC19A2,2697.0
SELP,5816.5
SELE,5926.0
SCYL3,3665.0
MYOC,5830.5
VAMP4,3107.0
PIGC,3099.0
TNFSF4,3340.0
ANKRD45,5371.0
CENPL,4017.0
RC3H1,2925.0
TNR,5853.5
ASTN1,6205.0
ABL2,2715.5
STX6,2198.0
GLUL,1180.0
RNASEL,4660.0
TRMT1L,2111.0
IVNS1ABP,1583.0
PDC,5857.0
PTGS2,4788.0
BRINP3,5702.5
KCNT2,4439.5
F13B,5175.0
DENND1B,4120.0
ZNF281,1934.0
DDX59,3251.5
KIF21B,3653.0
CACNA1S,5769.5
TMEM9,2160.5
TNNT2,5028.0
LAD1,1327.0
TNNI1,5538.0
LMOD1,5363.0
ARL8A,3318.5
PTPN7,5312.0
SYT2,5492.0
KDM5B,2875.0
RABIF,2724.0
KLHL12,2309.5
CYB5R1,2073.0
MYBPH,5351.0
CHI3L1,5513.0
FMOD,4547.0
ETNK2,3080.5
PPP1R15B,1357.0
PIK3C2B,2215.0
DSTYK,3560.0
ELK4,2021.0
NUCKS1,655.0
SLC41A1,3562.0
PM20D1,5900.0
SLC26A9,5675.5
EIF2D,1625.0
PIGR,4564.0
FCAMR,5675.0
C1orf116,5153.5
YOD1,2390.0
CD34,5087.0
PLXNA2,4099.0
LAMB3,4162.0
KCNH1,6125.0
RD3,5900.0
NEK2,2533.0
BATF3,4241.0
SPATA45,5816.5
ANGEL2,2557.0
PTPN14,3532.5
USH2A,5326.0
SLC30A10,3117.0
BPNT1,2096.5
DUSP10,2888.0
TAF1A,3697.5
TP53BP2,1200.0
TMEM63A,1859.5
PYCR2,2874.0
ACBD3,1284.0
PARP1,2071.0
ITPKB,3905.0
C1orf35,3167.5
MRPL55,3055.0
ACTA1,5153.0
ABCB10,2250.0
TAF5L,2692.0
AGT,351.5
C1orf198,1854.0
TTC13,1835.0
FAM89A,3056.0
EGLN1,1297.0
SIPA1L2,2641.0
TARBP1,2323.0
TOMM20,450.0
LYST,3799.5
HEATR1,1307.0
GREM2,5830.5
FH,741.0
HNRNPU,937.5
SMYD3,2779.0
TFB2M,1823.5
ZMYND11,3173.0
PFKP,2613.0
AKR1C3,729.0
NET1,1117.0
ITIH2,309.0
GATA3,4682.5
CELF2,4179.5
ECHDC3,3457.0
DHTKD1,2093.0
OPTN,2310.5
PRPF18,3187.5
HSPA14,1530.0
SUV39H2,2947.0
MEIG1,5342.0
RPP38,2642.0
PTER,1344.0
VIM,781.5
STAM,2127.0
CACNB2,4409.0
SPAG6,5816.5
ARMC3,5900.0
KIAA1217,2148.0
GAD2,6143.5
APBB1IP,4573.0
PDSS1,1714.0
WAC,1234.5
BAMBI,887.0
LYZL1,6313.0
CCDC7,4746.0
CCNY,1519.0
ANKRD30A,6072.0
ZNF37A,2812.0
RET,5139.0
CSGALNACT2,3208.0
ZNF485,4830.5
TMEM72,5772.0
RASSF4,2812.0
GPRIN2,5196.0
WDFY4,5776.0
CHAT,6148.5
C10orf53,6046.0
PRKG1,5500.0
DKK1,3154.0
CISD1,871.0
UBE2D1,2763.0
TFAM,1575.0
BICC1,2797.0
PHYHIPL,3080.0
ZNF365,5697.0
NRBF2,2496.0
MYPN,5891.0
HNRNPH3,1321.0
TET1,3664.0
DDX50,1009.5
SRGN,4600.0
VPS26A,2033.0
HK1,1468.0
COL13A1,4846.0
ADAMTS14,5830.5
SGPL1,1122.5
CDH23,4685.0
ANAPC16,2462.0
MCU,1898.0
FUT11,3438.0
VCL,2001.5
SAMD8,3353.0
PPIF,401.0
DYDC2,4765.0
TSPAN14,3864.0
GHITM,246.5
CDHR1,5882.0
CCSER2,2946.5
LDB3,5724.0
BMPR1A,3395.0
SNCG,3936.5
MINPP1,1964.0
LIPF,6148.5
FAS,5015.0
PCGF5,3130.0
HECTD2,4218.0
BTAF1,1389.0
NHP2,890.0
HHEX,2009.0
EXOC6,1496.0
HELLS,2632.0
CYP2C18,3914.0
CYP2C9,4339.0
ENTPD1,4241.0
DNTT,5900.0
LCOR,2457.5
FRAT1,3420.0
ZDHHC16,1916.0
C10orf62,4944.0
ZFYVE27,3509.0
GOLGA7B,5221.0
CNNM1,3573.0
WNT8B,5828.5
HIF1AN,2805.0
PAX2,5322.0
SLF2,2500.0
KAZALD1,3209.0
HPS6,2804.0
NOLC1,886.0
GBF1,2173.0
NFKB2,2885.5
FBXL15,3466.0
SUFU,3708.0
TRIM8,1123.0
SFXN2,4302.0
CNNM2,2587.0
TAF5,3835.5
PDCD11,1843.0
SLK,2022.0
GSTO1,265.0
CFAP58,5641.0
SORCS3,6070.5
MXI1,2474.0
SMC3,900.0
ADRA2A,5440.5
TECTB,6014.5
ACSL5,1316.0
CASP7,3196.0
NHLRC2,2496.0
ADRB1,4727.0
TRUB1,2118.0
ATRNL1,5611.0
NANOS1,4055.0
BAG3,1351.0
INPP5F,2862.0
WDR11,2161.0
TACC2,2497.0
PLEKHA1,2361.5
DMBT1,5823.0
HMX2,5362.5
BUB3,1084.0
ZRANB1,1175.0
BCCIP,1937.0
PTPRE,4648.0
GLRX3,1313.0
PWWP2B,3241.0
INPP5A,2879.0
PAOX,3514.0
MTG1,2144.0
LARP4B,1772.5
IDI1,1707.0
ADARB2,5538.0
PITRM1,2481.0
AKR1C2,129.0
TUBAL3,5250.0
ASB13,1840.0
GDI2,246.0
ANKRD16,3051.0
IL15RA,4517.0
PRKCQ,5027.0
SFMBT2,4889.0
ITIH5,5386.0
USP6NL,3589.5
UPF2,1558.0
PHYH,1075.5
BEND7,3817.0
FRMD4A,5134.0
CDNF,4575.0
DCLRE1C,3491.0
NMT2,3524.0
ITGA8,5399.5
TRDMT1,4754.0
HACD1,3415.0
NEBL,5186.0
DNAJC1,1713.0
PIP4K2A,1406.0
C10orf67,5804.0
ARHGAP21,2128.0
ENKUR,4983.0
ABI1,1811.0
ANKRD26,2671.5
YME1L1,909.0
MKX,5848.0
ZNF438,4069.5
ITGB1,496.0
NRP1,2409.0
CUL2,1965.5
GJD4,5932.5
FZD8,4224.0
NAMPT,1859.0
ZNF25,4087.5
RASGEF1A,4397.0
HNRNPF,801.0
ZNF32,3880.5
CXCL12,4892.5
VSTM4,5561.0
OGDHL,3733.0
A1CF,1070.0
CSTF2T,3367.0
CCDC6,1067.0
ANK3,4452.0
RHOBTB1,3494.5
TMEM26,5942.0
RTKN2,4470.5
DNAJC12,4336.0
HERC4,2824.0
ATOH7,5520.0
PBLD,3222.0
SLC25A16,3293.0
NEUROG3,6032.5
TYSND1,2762.0
PPA1,501.0
NPFFR1,5816.5
LRRC20,2462.0
NODAL,5830.5
PRF1,4603.0
PCBD1,953.0
PSAP,117.0
SPOCK2,2686.0
ASCC1,2090.0
DNAJB12,2436.0
PLA2G12B,1670.5
CFAP70,4848.0
ANXA7,1589.0
MSS51,5071.0
PPP3CB,1827.5
MYOZ1,5403.5
NDST2,3242.0
DUSP13,5186.0
COMTD1,2885.0
POLR3A,2625.0
SFTPD,5696.0
ANXA11,2263.0
DYDC1,6072.0
GRID1,5656.0
MMRN2,5415.0
ANKRD22,5557.0
ACTA2,3506.0
CH25H,6072.0
HTR7,5466.0
SRP9,1363.0
CPEB3,3948.0
MYOF,2769.0
RBP4,110.5
FRA10AC1,3703.5
NOC3L,2511.5
CYP2C8,4903.0
PDLIM1,505.0
SORBS1,1159.0
ALDH18A1,775.0
TCTN3,2486.0
BLNK,5832.0
OPALIN,6221.0
TLL2,5886.0
FRAT2,1276.0
AVPI1,826.0
CRTAC1,5811.0
HPS1,2199.0
HPSE2,5976.5
COX15,1190.0
DNMBP,2398.0
ERLIN1,1188.0
MRPL43,1955.0
PDZD7,4953.0
FGF8,5581.0
KCNIP2,4386.0
LDB1,2636.5
PSD,5144.0
ACTR1A,872.5
CALHM2,4807.5
CALHM1,5638.0
CALHM3,5891.0
ITPRIP,3810.0
SORCS1,6148.5
SMNDC1,2810.0
GPAM,3760.0
NRAP,6020.0
AFAP1L2,5170.5
ABLIM1,1151.0
HSPA12A,4413.0
RAB11FIP2,2706.0
FAM204A,3215.0
SFXN4,1843.0
PRDX3,488.5
RGS10,2594.0
TIAL1,1906.0
MCMBP,1942.0
ATE1,2504.5
IKZF5,2571.0
FAM53B,4087.0
ADAM12,4918.0
EBF3,5725.0
BNIP3,1167.0
STK32C,3810.0
TUBGCP2,2639.0
CALY,5162.0
RIC8A,2369.0
PSMD13,1594.0
IFITM1,4451.0
PKP3,4084.0
EPS8L2,1543.0
CD151,841.5
TSPAN4,3020.0
TSPAN32,5806.0
TSSC4,2245.0
ART1,5380.5
PGAP2,2553.0
RRM1,718.0
OR51E1,5971.0
OR51B6,6339.0
C11orf42,5942.0
SMPD1,2071.0
DNHD1,3797.0
ILK,2240.0
NLRP14,5793.5
RBMXL2,6274.0
OLFML1,4611.5
TUB,4373.0
AKIP1,2739.0
ZNF143,2325.0
SWAP70,2765.5
AMPD3,4724.5
MICAL2,4181.0
CALCB,5835.0
INSC,5678.0
NUCB2,2116.0
NCR3LG1,2176.5
MYOD1,5696.0
LDHC,5455.5
LDHAL6A,5764.0
TMEM86A,4826.5
ZDHHC13,3810.0
NAV2,2691.0
PRMT3,3593.0
NELL1,6070.5
ANO5,4468.0
GAS2,3836.5
ANO3,5255.0
FIBIN,5676.5
BBOX1,5186.0
ARL14EP,3581.0
DNAJC24,4343.0
ELP4,2664.0
RCN1,512.0
EIF3M,1660.0
DEPDC7,3268.0
HIPK3,825.0
CAPRIN1,590.0
NAT10,1899.0
CAT,1168.0
EHF,5183.5
CD44,3700.0
FJX1,4264.0
TRIM44,2797.0
RAG1,5506.5
TTC17,1964.0
ACCS,3934.0
EXT2,3172.5
CD82,4082.0
SLC35C1,2743.0
MDK,459.0
F2,3241.0
DDB2,2557.5
SLC39A13,3431.0
SERPING1,1989.0
GLYATL1,5711.0
MS4A3,6349.0
MS4A2,5974.0
MS4A12,6394.5
MS4A8,5647.0
MS4A15,6148.5
CCDC86,698.0
ZP1,5900.0
TMEM109,1552.5
TMEM132A,4026.0
CD5,6034.0
TMEM138,2534.0
TMEM216,2959.0
DAGLA,2973.0
FADS2,1137.0
BEST1,5459.0
INCENP,2163.0
SCGB2A1,6136.5
ASRGL1,3883.0
UQCC3,1810.5
GNG3,5441.5
TTC9C,2015.5
POLR2G,657.0
TAF6L,2629.5
SLC22A9,4463.0
RTN3,3399.0
MARK2,3792.0
NAA40,2467.0
COX8A,291.0
OTUB1,1661.5
FLRT1,5056.5
STIP1,376.0
NUDT22,2840.5
DNAJC4,3927.0
ESRRA,1738.0
PRDX5,780.5
CCDC88B,4560.0
RPS6KA4,3653.5
SLC22A12,5872.0
PPP2R5B,3092.0
POLA2,2275.5
CDC42EP2,3383.0
FRMD8,1666.0
FAM89B,1729.0
OVOL1,5612.0
CTSW,5216.0
SART1,3069.0
CST6,5857.0
PACS1,972.0
CNIH2,4778.0
RBM14,1691.5
SYT12,3960.0
KDM2A,1834.0
RPS6KB2,1054.0
AIP,653.5
NDUFV1,787.0
ALDH3B1,3890.0
IGHMBP2,3507.0
MYEOV,4646.5
FADD,2328.0
NADSYN1,3538.0
IL18BP,3522.0
FOLR1,4544.0
INPPL1,1440.5
ATG16L2,3894.0
P2RY2,4315.0
P2RY6,4867.5
RELT,4079.0
PLEKHB1,2427.0
DNAJB13,5647.0
PPME1,1989.0
SPCS2,2777.5
NEU3,3189.0
SLCO2B1,2093.0
SERPINH1,2099.5
DGAT2,4126.0
UVRAG,3336.0
ACER3,3095.5
AAMDC,3479.0
THRSP,5101.0
DDIAS,3755.0
TMEM126B,1627.0
TMEM126A,1689.0
MED17,3976.0
PANX1,2249.0
PIWIL4,5490.5
CEP57,2932.0
CNTN5,6092.5
YAP1,1849.5
BIRC2,1295.0
GRIA4,6193.0
AASDHPPT,2611.0
ATM,2890.0
DDX10,3694.0
FDX1,3357.0
SIK2,1871.0
DLAT,2616.0
TEX12,5533.5
BCO2,5123.0
PTS,1703.0
NCAM1,5309.0
TTC12,3773.0
HTR3B,5788.0
HTR3A,5583.5
ZBTB16,3320.0
NNMT,3059.5
PAFAH1B2,1452.0
TAGLN,4210.0
RNF214,3396.5
CEP164,3457.0
UBE4A,1694.0
TMEM25,4380.0
CXCR5,5920.5
UPK2,5357.0
C2CD2L,4003.0
HINFP,3567.0
NLRX1,3296.5
CBL,2558.0
OAF,1020.0
POU2F3,5726.0
GRIK4,5914.0
TECTA,5314.0
SC5D,2075.0
SORL1,3067.0
TBRG1,2638.0
SPA17,4510.0
CCDC15,3546.0
SLC37A2,5437.0
PKNOX2,5257.0
EI24,750.0
STT3A,713.0
CHEK1,3395.0
PATE1,6255.5
HYLS1,4105.0
FOXRED1,1724.0
TIRAP,4273.0
KCNJ5,4877.0
APLP2,125.5
ST14,3384.5
ADAMTS15,5415.0
GLB1L3,5713.0
GLB1L2,5535.0
SIRT3,3351.0
SIGIRR,2487.0
ANO9,4685.0
PIDD1,3520.0
POLR2L,617.0
CHID1,3098.0
MOB2,3962.5
TH,6016.5
ASCL2,5184.0
C11orf21,5511.0
RPL26L1,1117.0
ART5,5830.5
NUP98,1382.5
RHOG,1922.0
TRIM21,3282.0
TPP1,510.0
DCHS1,5005.0
MRPL17,1399.0
ZNF214,5494.0
RIC3,5929.0
STK33,5147.5
TMEM41B,1060.0
SBF2,3501.0
RNF141,3046.0
LYVE1,5099.0
EIF4G2,148.0
DKK3,3500.5
BTBD10,2267.5
COPB1,402.0
PSMA1,576.0
CALCA,5896.5
SOX6,4289.0
RPS13,962.0
ABCC8,5479.0
SERGEF,3270.0
TPH1,5183.0
SAAL1,2813.5
UEVLD,3402.5
IGSF22,5943.0
MRGPRX2,6073.0
E2F8,2945.0
FANCF,3508.0
LGR4,549.0
BDNF,5596.0
KIF18A,3632.0
KCNA4,6193.0
IMMP1L,4188.0
WT1,5648.0
CSTF3,1754.0
FBXO3,2969.0
LMO2,5941.0
ELF5,5837.0
APIP,3668.0
SLC1A2,5710.0
COMMD9,3290.0
TRAF6,2961.5
TP53I11,3409.0
CHST1,5573.0
PEX16,2914.0
AMBRA1,3309.0
HARBI1,3809.5
CKAP5,390.0
ARFGAP2,2961.0
PACSIN3,1253.0
ACP2,1911.0
MYBPC3,5456.0
RAPSN,5038.0
NUP160,1736.5
SSRP1,1126.0
UBE2L6,4029.0
YPEL4,5333.0
MED19,3539.0
OSBP,919.0
PATL1,1462.0
PRPF19,864.0
SLC15A3,5021.0
VPS37C,1356.5
VWCE,2497.0
CYB561A3,2641.0
CPSF7,1941.0
SYT7,3769.5
TMEM258,267.0
FADS3,2209.0
FTH1,2029.0
AHNAK,585.0
NXF1,1654.0
WDR74,1418.0
SLC22A8,6057.5
SLC22A24,6143.5
ATL3,842.5
MACROD1,2866.0
BAD,1670.0
NRXN2,5109.0
SF1,1450.0
MAP4K2,3435.0
MEN1,1831.0
BATF2,4311.0
NAALADL1,4616.0
CDCA5,1836.0
ZNHIT2,3817.0
FAU,333.5
SYVN1,1694.0
SLC25A45,3970.5
KCNK7,5144.5
MAP3K11,1997.0
RELA,2278.0
RNASEH2C,2372.5
CFL1,159.0
FOSL1,3270.0
CATSPER1,5830.5
BRMS1,1132.0
B4GAT1,1404.0
MRPL11,761.0
CCDC87,4423.0
PC,1968.5
POLD4,1544.0
CLCF1,3160.0
PPP1CA,1092.0
CABP2,5907.5
C11orf24,1730.0
CPT1A,1485.0
MRPL21,790.0
SHANK2,2573.5
DHCR7,1743.0
ARAP1,2992.0
COA4,1159.0
UCP2,968.0
UCP3,4679.0
KCNE3,4644.0
KLHL35,4690.0
GDPD5,3566.0
LRRC32,4989.0
CLNS1A,1223.0
ALG8,3091.0
GAB2,2804.0
NARS2,3127.0
PRCP,1958.5
CREBZF,3367.0
SYTL2,4148.0
CTSC,1933.0
SLC36A4,3435.0
GPR83,5579.0
CCDC82,3917.0
PGR,6274.0
TRPC6,5943.0
MMP7,4580.5
MMP20,6091.5
MMP27,6431.0
MMP8,6435.0
MMP10,5776.0
MMP1,5637.5
MMP3,6015.0
MMP13,5942.0
CASP4,3825.5
CASP5,5900.0
CASP1,5883.0
SLN,6158.0
NPAT,2351.5
C11orf65,5106.0
EXPH5,5176.0
ARHGAP20,5590.0
POU2AF1,3938.0
FDXACB1,4481.0
DRD2,5830.5
ZW10,2238.0
BUD13,2531.0
ZPR1,2771.0
SCN2B,5671.0
MPZL3,3159.0
BCL9L,2956.0
MCAM,3147.0
THY1,5223.0
TRIM29,5247.0
SIAE,4179.0
ROBO4,5192.0
HEPACAM,6074.0
FEZ1,5399.5
ACRV1,5558.0
PUS3,2536.0
CDON,4550.0
ETS1,3975.0
SNX19,4033.5
OPCML,6393.5
ERC1,2879.0
WNT5B,5229.5
FKBP4,1511.0
TSPAN9,2135.0
CCND2,5138.0
TIGAR,3504.0
NDUFA9,2391.5
KCNA1,6255.5
LTBR,1491.0
ENO2,3662.0
ATN1,1487.5
C12orf57,2275.5
PTPN6,3295.0
C1S,2119.0
FOXJ2,2422.5
NECAP1,3219.0
CLEC4A,4886.0
RIMKLB,4322.0
A2ML1,6143.5
CLEC2D,4312.0
KLRF1,6026.0
CLEC12A,5908.0
GABARAPL1,2434.5
KLRD1,5486.0
ETV6,1955.0
CREBL2,2352.5
CDKN1B,2116.0
GPRC5A,3598.5
EMP1,3467.0
ATF7IP,3323.0
C12orf60,4392.0
PTPRO,4893.0
STRAP,1301.0
MGST1,257.0
CAPZA3,6079.5
AEBP2,2920.0
SLCO1C1,5900.5
SLCO1B1,5497.0
IAPP,5827.0
PYROXD1,3771.0
GOLT1B,1740.5
SPX,5391.0
ETNK1,1749.5
RASSF8,4692.0
SSPN,4708.0
FGFR1OP2,3050.0
PPFIBP1,2255.0
MRPS35,662.0
KLHL42,2529.0
CCDC91,3569.0
TSPAN11,5482.0
BICD1,3836.0
LRRK2,5158.0
PPHLN1,2465.5
CCDC184,5520.0
CCDC65,5409.0
WNT1,6135.5
PRPH,5363.0
SPATS2,2355.0
KCNH3,4378.0
PRPF40B,4296.0
TMBIM6,58.0
SMARCD1,1876.0
LARP4,1550.0
TMPRSS12,6018.0
LETMD1,1106.0
SLC4A8,5133.0
ACVR1B,2740.0
ACVRL1,5011.0
KRT18,144.0
EIF4B,270.5
TNS2,3484.0
IGFBP6,3538.0
SOAT2,4228.0
MFSD5,2714.0
ESPL1,2530.5
PFDN5,813.0
SP1,2078.0
AMHR2,5162.0
HOXC13,4725.0
HOXC11,5296.0
HOXC8,4789.0
COPZ1,648.0
NEUROD4,6117.0
GDF11,4017.0
ORMDL2,2568.0
DGKA,4031.5
IKZF4,3821.0
ERBB3,312.0
ZC3H10,3924.0
NABP2,1541.0
SLC39A5,2321.5
IL23A,4491.0
NXPH4,3137.0
GLI1,5121.0
MBD6,2652.0
PIP4K2C,1619.0
DTX3,4178.0
SLC16A7,4903.0
MON2,2820.0
SRGAP1,3769.0
TBK1,3240.5
LEMD3,2625.0
MSRB3,3585.0
IRAK3,4590.0
DYRK2,1588.0
MDM2,1404.0
CPSF6,1502.0
YEATS4,2575.0
FRS2,2746.5
CCT2,286.0
RAB3IP,2851.0
MYRFL,5419.0
CNOT2,2686.0
LGR5,3020.0
THAP2,4526.0
TBC1D15,2166.5
TPH2,6273.5
TRHDE,5600.5
GLIPR1,4701.5
NAV3,5161.0
ACSS3,4061.5
LRRIQ1,5717.0
NTS,4929.0
C12orf29,3684.0
TMTC3,2322.0
PLEKHG7,5724.0
SOCS2,4426.5
VEZT,1583.0
SNRPF,2613.0
ELK3,2774.0
NEDD1,2243.0
TMPO,1222.5
SLC25A3,203.0
APAF1,2688.5
SLC17A8,5834.0
GAS2L3,2291.0
MYBPC1,5429.0
PARPBP,3822.0
RFX4,5886.0
TMEM263,1794.5
ISCU,972.0
DAO,4354.0
USP30,3139.0
ACACB,3305.0
FAM222A,2808.5
TCHP,3435.5
IFT81,4234.0
TCTN1,4298.0
CCDC63,6185.0
CUX2,5240.0
SH2B3,3931.0
ERP29,810.0
TRAFD1,3124.0
PTPN11,1458.0
OAS1,2919.0
OAS3,2751.0
OAS2,4975.0
PLBD2,1168.0
RNFT2,3649.0
RFC5,2545.0
PEBP1,227.0
SRRM4,5915.5
HSPB8,4244.0
PRKAB1,1712.0
SIRT4,4858.0
DYNLL1,630.0
RNF10,1320.0
CABP1,5816.5
UNC119B,2431.0
HNF1A,3220.5
P2RX7,5480.0
RNF34,1591.0
LRRC43,5897.0
B3GNT4,5003.0
KNTC1,2610.0
DENR,509.0
CCDC62,5279.5
OGFOD2,4310.0
SNRNP35,3142.0
TMED2,365.5
AACS,3150.0
FZD10,6079.5
ADGRD1,5223.5
SFSWAP,2866.0
PUS1,2342.0
P2RX2,5498.0
PGAM5,1741.5
ZNF26,4257.0
ZNF140,4619.0
SLC6A12,4255.0
SLC6A13,5152.0
KDM5A,1869.5
NINJ2,3601.0
FBXL14,3517.5
NRIP2,5276.5
FOXM1,1315.0
CRACR2A,5753.0
FGF23,5678.0
FGF6,5891.0
AKAP3,5165.0
TNFRSF1A,1758.5
SCNN1A,3667.0
VAMP1,3199.0
MRPL51,435.0
NOP2,1992.0
LPAR5,4704.0
ACRBP,4986.0
ING4,3557.0
ZNF384,3259.5
PIANP,5161.0
MLF2,387.0
CDCA3,2321.5
PHB2,895.0
CD163L1,5276.0
CD163,5974.5
APOBEC1,5972.0
CLEC4C,6231.0
C3AR1,5891.0
CLEC4E,5796.0
MFAP5,5609.5
A2M,379.5
CD69,6193.0
CLEC2B,4939.0
CLEC7A,5728.0
KLRC3,6353.5
MAGOHB,3680.0
STYK1,5307.0
GPR19,4484.0
GPRC5D,5459.5
PLBD1,2721.0
WBP11,1530.0
MGP,5184.0
ERP27,4879.0
LMO3,5308.0
RECQL,3243.5
LDHB,4276.5
ABCC9,4691.0
ST8SIA1,5795.0
C2CD5,2696.5
SOX5,3270.0
LMNTD1,5881.0
TMTC1,4913.0
CAPRIN2,2603.5
AK4,1050.0
AMN1,4389.0
YARS2,2781.5
KIF21A,2077.5
ABCD2,6079.5
SLC2A13,4289.0
YAF2,3233.0
ZCRB1,3534.0
NELL2,5322.0
SCAF11,2282.5
SLC38A1,757.0
AMIGO2,4314.0
ENDOU,5815.0
HDAC7,2927.0
VDR,4142.0
COL2A1,5113.0
DDX23,1719.0
RND1,3767.0
KMT2D,1587.0
TUBA1A,3048.0
FAM186B,5018.0
FMNL3,4165.0
FAIM2,5645.0
LIMA1,2021.0
CSRNP2,2417.0
CELA1,6092.5
KRT85,5767.0
KRT74,6074.0
KRT73,6029.0
KRT1,6152.0
KRT79,5871.5
SPRYD3,2094.0
ITGB7,5233.0
CBX5,1647.0
GPR84,5891.0
ZNF385A,3523.0
ITGA5,2263.0
GTSF1,4994.0
SARNP,2902.0
MMP19,5192.0
RNF41,2719.0
CS,979.0
APOF,5357.0
GLS2,4593.5
PRIM1,1044.5
SDR9C7,5891.0
RDH16,4670.0
NEMP1,1968.0
DDIT3,2304.0
B4GALNT1,4117.0
CDK4,701.0
CYP27B1,4403.0
AVIL,4938.0
AVPR1A,5078.0
GNS,456.0
WIF1,5816.5
GRIP1,5857.0
MDM1,3922.0
CPM,3643.0
BEST3,5791.0
PTPRB,4588.5
PTPRR,5022.5
TSPAN8,3255.0
ZFC3H1,2539.0
KCNC2,5900.0
CAPS2,5513.5
NAP1L1,1332.0
OSBPL8,1326.0
E2F7,3940.0
PAWR,1743.0
LIN7A,3136.0
SLC6A15,6035.5
C12orf50,6193.0
KITLG,2597.0
DUSP6,1655.0
ATP2B1,2137.0
LUM,4388.0
DCN,5036.0
BTG1,973.0
EEA1,2836.0
CEP83,4026.0
TMCC3,5413.0
NDUFA12,225.0
NR2C1,2846.0
USP44,5653.5
CCDC38,5330.0
HAL,3255.0
IKBIP,2666.0
ANKS1B,5081.0
DEPDC4,4722.0
SYCP3,5451.0
NUP37,2098.0
PAH,1668.0
NT5DC3,2941.0
CRY1,2237.0
CMKLR1,5571.0
SART3,2230.0
TRPV4,4551.5
GLTP,2796.5
GIT2,2714.0
C12orf76,3328.0
ARPC3,620.5
GPN3,1577.5
HVCN1,5373.0
TMEM116,3882.5
NAA25,2632.5
SLC8B1,3317.0
SDS,4462.0
LHX5,5283.0
RBM19,2305.5
TBX5,6074.0
TBX3,2514.0
FBXO21,2339.0
WSB2,1380.0
TAOK3,2258.0
CIT,3711.0
RAB35,2415.0
GCN1,1006.0
PXN,3456.0
MSI1,4033.0
POP5,1388.0
C12orf43,3327.0
CAMKK2,1510.0
KDM2B,3327.0
RHOF,2847.0
HPD,4531.0
DIABLO,2055.0
VPS33A,3165.0
CLIP1,3319.0
ABCB9,4322.0
UBC,73.0
SLC15A4,3289.0
STX2,2954.5
POLE,1815.0
GOLGA3,1726.0
CHFR,3651.0
IFT88,3090.0
TNFRSF19,3703.0
C1QTNF9,6074.0
RNF17,6192.0
PABPC3,5040.0
ATP8A2,5513.0
CDK8,2516.0
RASL11A,3246.0
GTF3A,918.5
PDX1,5071.0
POMP,2243.0
MTUS2,5659.0
UBE2L3,673.0
ALOX5AP,4430.0
PDS5B,2842.0
RFC3,1334.0
NBEA,4666.0
RFXAP,4024.0
NHLRC3,2816.0
COG6,3155.5
WBP4,3447.0
NAA16,3610.0
RGCC,3300.0
DGKH,3541.0
AKAP11,2198.0
TNFSF11,5572.0
DGKZ,3213.0
LRRC63,5313.0
LRCH1,3731.0
NUDT15,3399.5
ITM2B,1345.5
RB1,1610.0
MLNR,6148.5
SETDB2,3445.0
PHF11,3255.5
RNASEH2B,3627.0
CKAP2,2120.0
BORA,3697.0
PIBF1,3325.5
UCHL3,1285.0
CLN5,2709.0
SCEL,5924.5
SLAIN1,4087.0
NDFIP2,2020.0
GPC5,5633.0
GPR180,2816.0
IPO5,1200.0
UBAC2,1946.5
ZIC2,3433.0
ITGBL1,5567.0
BIVM,2828.5
ABHD13,3649.0
TNFSF13B,5217.0
ING1,3910.0
ARHGEF7,2586.0
ATP11A,2680.5
MCF2L,4602.5
F7,1654.0
PROZ,3330.0
CUL4A,1431.0
TMCO3,2130.0
GAS6,3580.0
CDC16,1252.0
CHAMP1,1985.0
PSPC1,1519.0
ZMYM5,3610.0
GJA3,5248.0
CRYL1,2222.5
ZDHHC20,1747.0
MICU2,2966.0
PARP4,1008.0
AMER2,5975.0
SHISA2,5685.0
RNF6,2912.0
GPR12,6170.0
MTIF3,1957.5
CDX2,4334.0
FLT3,5816.5
FLT1,5830.5
SLC46A3,4299.0
SLC7A1,2488.0
UBL3,2885.5
KATNAL1,3632.0
HSPH1,1388.5
STARD13,3542.0
SUPT20H,2786.0
TRPC4,5804.5
KBTBD7,3850.0
VWA8,2407.0
EPSTI1,5161.0
TSC22D1,2302.0
NUFIP1,2548.0
KCTD4,6035.5
ZC3H13,3072.0
CPB2,2461.0
CAB39L,3578.0
RCBTB1,2616.0
SPRYD7,3631.5
INTS6,3627.0
ATP7B,1205.0
VPS36,2107.0
PCDH8,6247.0
PCDH9,5171.0
KLF12,3456.0
EDNRB,4491.0
POU4F1,4789.0
RBM26,2448.0
DCT,5781.5
UGGT2,2479.5
STK24,1780.5
SLC15A1,4765.0
DOCK9,3976.0
GPR183,5097.0
TMTC4,3615.0
FGF14,5857.0
METTL21C,6396.0
TEX30,3961.5
SLC10A2,6116.0
IRS2,4521.5
COL4A1,4602.5
PCID2,2103.0
GRTP1,2879.5
PARP2,1948.0
APEX1,254.0
EDDM3A,6293.5
RNASE2,6143.5
RPGRIP1,5425.0
ABHD4,1445.0
NGDN,1563.0
DHRS2,4137.0
NYNRIN,3517.5
KHNYN,1067.0
FOXG1,5526.0
G2E3,2989.0
ARHGAP5,2506.0
AKAP6,5100.0
SRP54,1565.5
INSM2,5820.0
BRMS1L,3896.0
PAX9,5275.0
MIPOL1,4556.5
GEMIN2,2081.0
PNN,889.0
LRFN5,5391.0
PRPF39,3245.0
DNAJC19,3159.5
MGAT2,2672.0
ARF6,1351.0
ATL1,4599.0
FRMD6,3544.0
PTGDR,6070.5
PTGER2,4949.0
CDKN3,1810.0
CGRRF1,4103.0
MAPK1IP1L,1280.0
LGALS3,1750.0
KTN1,2200.5
ARID4A,2893.0
KIAA0586,3698.5
DACT1,5090.0
DAAM1,2965.0
JKAMP,3575.5
SLC38A6,4053.0
PRKCH,3988.0
RHOJ,5030.0
SYNE2,4035.0
AKAP5,5110.0
HSPA2,4513.5
FUT8,4163.0
GPHN,2562.5
ARG2,3105.0
RDH12,4611.0
RAD51B,4622.0
EXD2,3014.0
SUSD6,3552.0
SRSF5,515.0
TTC9,3468.0
SIPA1L1,2972.0
RBM25,1940.0
PSEN1,2509.0
PAPLN,4275.0
DNAL1,3838.0
PTGR2,3936.0
ISCA2,2754.0
FCF1,1220.0
EIF2B2,1435.5
ZC2HC1C,4797.0
JDP2,3857.5
BATF,5159.0
FLVCR2,2835.0
ESRRB,5570.0
CIPC,3544.0
TMEM63C,5190.0
SLIRP,1430.0
ADCK1,4455.0
NRXN3,5707.5
TSHR,6039.5
GPR65,5694.0
SPATA7,3951.5
TTC8,3944.0
TDP1,2094.5
KCNK13,5395.0
CALM1,2265.5
SLC24A4,5920.5
SERPINA4,3506.0
TCL1B,6148.5
BDKRB1,5817.0
CCNK,3094.5
EVL,2923.0
SLC25A47,4992.0
PPP2R5C,2091.0
WDR20,3056.0
RCOR1,3074.0
AMN,4193.0
EIF5,1132.0
TRMT61A,2988.0
KLC1,1957.0
KIF26A,5696.0
INF2,1789.0
SIVA1,1450.5
PACS2,2453.5
TTC5,3783.0
CCNB1IP1,922.0
TEP1,2997.0
OSGEP,2863.5
RNASE1,3999.0
ZNF219,2996.0
RAB2B,2236.5
DAD1,154.0
RBM23,2859.0
PRMT5,1552.0
HAUS4,1918.5
AJUBA,1521.0
C14orf93,3414.0
CDH24,4351.0
SLC7A8,4067.0
SLC22A17,4226.0
EFS,5465.5
AP1G2,3938.0
CBLN3,4556.5
SDR39U1,3504.5
GZMH,5901.0
STXBP6,2916.0
NOVA1,4032.0
PRKD1,4437.0
STRN3,1831.0
HEATR5A,1866.5
DTD2,2010.0
EGLN3,4168.5
EAPP,1857.0
CFL2,2591.0
BAZ1A,2205.5
NFKBIA,422.0
SLC25A21,5356.0
CLEC14A,5229.0
TRAPPC6B,2322.0
KLHL28,2253.0
MDGA2,6018.0
RPS29,304.5
RPL36AL,410.0
POLE2,3474.5
L2HGDH,3167.0
CDKL1,5062.0
MAP4K5,1997.0
SAV1,3272.0
NIN,2837.0
TRIM9,5320.0
TXNDC16,3684.0
FERMT2,2314.0
DDHD1,4014.0
BMP4,3410.0
GCH1,2718.0
WDHD1,3588.0
OTX2,6230.0
EXOC5,2691.0
SLC35F4,6072.0
TIMM9,1848.5
SIX4,3668.0
KCNH5,5849.5
WDR89,3527.0
SPTB,5513.0
GPX2,993.5
MAX,2204.0
ACTN1,369.0
DCAF5,2259.0
SLC10A1,4658.5
SLC8A3,5857.0
DPF3,5096.5
ZFYVE1,2796.5
HEATR4,5684.0
FAM161B,4282.5
ENTPD5,1430.0
RPS6KL1,4138.0
MLH3,2558.0
ACYP1,3569.0
TGFB3,4279.0
ZDHHC22,5920.5
POMT2,2814.0
NOXRED1,4791.0
ISM2,5310.0
SNW1,1865.0
CEP128,4417.0
SEL1L,1486.0
GALC,3060.5
KCNK10,5736.0
PTPN21,3772.0
FOXN3,1225.0
EFCAB11,4336.0
NRDE2,3884.5
TTC7B,4868.0
FBLN5,3239.0
TRIP11,2871.5
LGMN,675.0
SERPINA9,6080.5
CLMN,4660.0
ATG2B,3506.0
BCL11B,4820.0
HSP90AA1,48.0
MOK,4205.0
ANKRD9,1758.0
CDC42BPB,1355.5
BAG5,2561.0
XRCC3,3782.5
PPP1R13B,2846.0
AKT1,2890.0
CDCA4,2487.0
GPR132,5747.0
NUDT14,2127.5
BRF1,4164.0
NPAP1,5697.5
GABRG3,6261.5
RYR3,6042.0
CHRM5,5938.0
PGBD4,4550.0
EMC4,1846.0
SPRED1,2539.5
FAM98B,2257.0
THBS1,2432.0
KNSTRN,2311.0
CHST14,1719.0
C15orf62,4538.5
SPINT1,3752.0
DLL4,4683.0
CHP1,577.0
RTF1,2332.5
ITPKA,2695.0
MGA,2068.0
HAUS2,1216.0
ADAL,3701.0
TUBGCP4,3192.5
CTDSPL2,2707.0
EIF3J,1652.0
DUOX1,5652.5
SLC28A2,5306.0
SPATA5L1,3559.0
SEMA6D,5068.0
SLC12A1,6193.0
DUT,1063.5
GALK2,3481.0
DTWD1,3839.0
UNC13C,5392.0
TCF12,1387.0
CCNB2,1533.0
LDHAL6B,6062.0
FAM81A,4477.0
GCNT3,2781.5
C2CD4A,5185.0
TPM1,1273.0
LACTB,1371.5
FBXL22,5006.5
SNX1,1723.0
SNX22,4105.0
ZNF609,2731.5
ANKDD1A,4505.0
SLC51B,2757.5
SLC24A1,3964.0
RAB11A,1137.0
DIS3L,2790.5
MAP2K1,1831.0
ZWILCH,1987.0
SMAD6,3147.0
SMAD3,1752.0
IQCH,4596.0
MAP2K5,2708.0
FEM1B,1400.0
GLCE,2302.0
KIF23,2222.0
LRRC49,5276.5
CD276,2160.0
TBC1D21,5805.0
PML,3923.0
ISLR2,5751.0
CLK3,2734.0
CYP1A2,4702.0
C15orf39,3237.0
COMMD4,1289.0
SNX33,3039.0
FBXO22,2094.5
ISL2,4494.0
RCN2,2319.0
PSTPIP1,5857.0
HMG20A,2157.0
IREB2,1204.0
PSMA4,1061.0
TMED3,1402.0
ZFAND6,1739.0
FAH,2047.5
IL16,5427.0
SAXO2,5593.5
TM6SF1,6124.5
ADAMTSL3,5574.0
ZNF592,3406.0
PDE8A,2903.0
AKAP13,1866.0
MRPS11,1750.5
ACAN,6205.0
ABHD2,1271.5
WDR93,5612.0
ZNF710,2679.0
SEMA4B,1977.5
GDPGP1,4206.0
FES,3356.0
RCCD1,2902.0
SLCO3A1,4869.0
NR2F2,2404.0
SYNM,3276.0
LRRC28,1784.0
MEF2A,2053.5
ALDH1A3,5146.0
ATP10A,4824.5
GABRB3,5871.5
FMN1,5510.5
AVEN,2418.5
SLC12A6,3406.0
NOP10,391.5
ACTC1,5930.0
AQR,2507.0
ZNF770,2712.0
DPH6,2621.0
MEIS2,3158.0
RASGRP1,5487.5
GPR176,4392.0
SRP14,593.0
BMF,4102.0
PPP1R14D,5058.0
LTK,5274.5
RPAP1,3177.0
EHD4,3351.0
PLA2G4F,5752.5
VPS39,2230.5
TMEM87A,1593.0
TTBK2,3649.0
TGM5,5393.0
LCMT2,2709.0
PPIP5K1,3702.0
ELL3,5015.0
SPG11,2608.0
DUOXA1,5061.0
SLC30A4,3292.0
MYEF2,4514.0
CEP152,4002.5
COPS2,1845.0
ATP8B4,5546.5
CYP19A1,5636.5
DMXL2,1606.5
LYSMD2,4288.5
BCL2L10,5629.0
GNB5,3869.0
ARPP19,927.0
ONECUT1,1367.5
RAB27A,3445.0
PYGO1,5506.0
PRTG,3332.5
NEDD4,1116.0
ALDH1A2,5383.0
ADAM10,2115.0
SLTM,2492.0
ANXA2,422.0
ICE2,2253.0
RORA,4175.0
VPS13C,1795.0
DAPK2,4094.0
PPIB,826.0
PIF1,4069.0
SPG21,656.0
MTFMT,2188.0
IGDCC3,3933.5
LCTL,5774.0
AAGAB,1237.0
CALML4,3304.5
ITGA11,4940.0
TLE3,3734.0
UACA,2490.0
LARP6,3865.0
THAP10,4434.0
MYO9A,3508.0
PKM,154.0
PARP6,3072.5
CELF6,4848.0
HEXA,1949.0
ADPGK,2016.0
HCN4,4892.0
NPTN,945.5
CYP1A1,4502.0
COX5A,474.0
RPP25,3670.0
MAN2C1,2571.0
SIN3A,2006.0
PTPN9,3464.0
SNUPN,2109.0
NRG4,5111.0
ETFA,1251.0
SCAPER,2451.5
LINGO1,4782.0
TBC1D2B,1931.0
CIB2,2896.0
CHRNB4,5544.0
ADAMTS7,4771.0
RASGRF1,5700.0
BCL2A1,5702.0
FSD2,5535.0
C15orf40,4066.0
NMB,2906.0
SEC11A,1949.5
KLHL25,4094.0
NTRK3,6056.0
DET1,3623.0
HAPLN3,4619.0
MFGE8,2027.0
PLIN1,5126.0
PEX11A,3055.0
CIB1,254.0
LYSMD4,2882.0
ADAMTS17,5076.0
SNRPA1,2718.0
PCSK6,1791.0
SNRNP25,1781.0
MPG,2806.0
HBZ,6146.0
HBM,6339.0
HBQ1,4180.5
ARHGDIG,5162.0
STUB1,1902.0
HAGHL,4163.0
CACNA1H,3998.5
UBE2I,2179.0
TELO2,3886.5
TMEM204,5116.0
NUBP2,2429.0
FAHD1,1839.5
NDUFB10,721.0
RNF151,5493.5
GFER,3491.0
TSC2,3493.0
RAB26,3432.0
E4F1,3350.0
NTN3,5127.0
ATP6V0C,799.5
FLYWCH1,3289.0
KREMEN2,5029.5
PAQR4,2819.0
TNFRSF12A,1171.0
IL32,1498.0
ZNF213,4052.0
OR1F1,5473.5
ZNF263,2541.0
UBN1,1731.5
RBFOX1,5857.0
METTL22,3397.0
ABAT,4225.5
ATF7IP2,3820.0
CIITA,4980.0
SNN,3404.0
TMC7,3361.0
ITPRIPL2,2449.5
TMC5,5173.0
ACSM2A,4973.0
ACSM3,3040.5
SCNN1G,6014.5
UBFD1,2057.0
DCTN5,2087.0
CHP2,5513.0
RBBP6,2958.0
LCMT1,1443.0
AQP8,5615.0
IL4R,2858.0
IL21R,5612.0
SH2B1,3155.0
ATP2A1,4599.0
CD19,4964.0
NFATC2IP,2116.0
LAT,4442.0
SPN,4144.0
QPRT,422.0
PRRT2,4605.0
MVP,1339.5
TAOK2,1629.0
INO80E,2997.0
CORO1A,3804.0
ZNF771,3672.0
PRR14,3092.0
FBXL19,3725.0
SETD1A,2565.0
ZNF646,3275.0
BCKDK,1372.0
KAT8,3309.0
ITGAD,6044.5
ARMC5,3539.0
SLC5A2,5775.0
AHSP,5571.0
ORC6,1376.0
LONP2,1368.0
CNEP1R1,3856.0
HEATR3,3155.5
NKD1,4787.0
NOD2,5628.5
CYLD,4271.0
SLC6A2,5513.0
GNAO1,5373.0
OGFOD1,1990.0
MT3,5623.0
MT2A,187.5
MT1F,2708.0
MT1H,4902.5
MT1X,897.0
CETP,5066.0
CPNE2,4610.0
ARL2BP,2798.0
CCL22,5296.5
CX3CL1,3020.5
ADGRG5,4843.5
ADGRG1,4786.5
KATNB1,1799.0
TEPP,5823.5
CCDC113,4970.0
GINS3,2860.0
NDRG4,4625.0
SETD6,3195.5
CDH5,5604.5
CMTM3,2300.0
PDP2,2957.5
CES2,914.0
CES3,4050.5
CBFB,2559.0
E2F4,1687.5
TMEM208,2008.0
LRRC36,5965.0
CTCF,1743.5
PARD6A,3985.0
THAP11,1737.0
DUS2,3328.0
NFATC3,2190.0
PLA2G15,3300.0
TANGO6,4085.0
HAS3,4715.5
NIP7,2636.0
NFAT5,1821.5
WWP2,2893.0
PDPR,2198.0
DDX19B,2582.0
SF3B3,1726.0
MARVELD3,3971.0
IST1,1822.0
DHODH,3289.0
PSMD7,793.0
TERF2IP,2047.0
CLEC3A,6204.0
DYNLRB2,5657.0
CENPN,1729.0
ATMIN,2437.0
BCO1,5814.5
PLCG2,3798.0
HSD17B2,2975.0
CDH13,5898.0
MLYCD,3999.0
OSGIN1,3888.0
NECAB2,4538.5
ATP2C2,5646.0
KLHL36,2206.0
CRISPLD2,4601.0
FOXL1,5552.0
MAP1LC3B,1810.5
JPH3,5872.0
BANP,3634.0
ZFPM1,2739.0
ZC3H18,3362.0
CTU2,2940.0
ACSF3,4008.0
SPG7,1875.0
CPNE7,4632.0
CDK10,3612.0
ZNF276,3742.0
SPIRE2,2815.0
TCF25,1463.0
DEF8,3178.0
GAS8,3176.0
POLR3K,2255.0
NPRL3,2726.0
AXIN1,2793.0
MRPL28,2077.5
WDR24,3637.0
TPSG1,5013.0
TSR3,1403.5
UNKL,3308.0
IFT140,4184.0
SPSB3,2971.0
MSRB1,1166.0
NTHL1,1879.5
BRICD5,3946.5
PRSS27,5086.0
PKMYT1,3789.0
MEFV,5069.0
TIGD7,4723.5
ZSCAN32,3358.5
ZNF597,3343.0
SLX4,3736.0
TRAP1,1496.0
TFAP4,4411.0
ROGDI,3803.5
GLYR1,2164.0
NAGPA,2308.5
CARHSP1,1126.0
TEKT5,6072.0
ZC3H7A,1505.0
RPS15A,417.0
ARL6IP1,139.5
KNOP1,3888.0
GPRC5B,4338.0
ACSM1,5768.0
THUMPD1,3085.0
ERI2,3596.5
CDR2,2175.0
NDUFAB1,411.0
ZKSCAN2,3511.0
NSMCE1,2109.0
GTF3C1,1224.5
GSG1L,6049.5
CLN3,3223.0
IL27,5398.5
SULT1A2,3862.0
SULT1A1,4016.0
RABEP2,3699.0
CDIPT,1475.0
HIRIP3,2565.0
MAPK3,1176.5
CD2BP2,2124.0
ZNF747,3485.0
ZNF764,2384.0
ZNF688,4163.0
ZNF689,1689.0
ZNF629,3278.0
BCL7C,3246.0
PRSS53,4421.0
VKORC1,354.5
PRSS8,4966.5
PYCARD,5009.0
ZNF843,5324.0
SHCBP1,3450.0
VPS35,1889.0
MYLK3,5310.0
C16orf87,2680.0
NETO2,3417.0
ITFG1,2461.0
ABCC12,6274.0
ABCC11,5084.5
SIAH1,2922.0
N4BP1,2390.0
SNX20,5750.0
SALL1,2290.0
AKTIP,3436.0
IRX3,2500.0
AMFR,1544.0
NUDT21,1317.0
MT1G,1289.0
CCDC102A,4096.0
CNGB1,4508.0
ZNF319,3650.0
CFAP20,2197.5
CNOT1,616.0
GOT2,398.0
DYNC1LI2,977.0
NAE1,2171.0
RRAD,5174.5
TRADD,2981.0
EXOC3L1,5518.0
FHOD1,3943.0
TPPP3,5216.0
ZDHHC1,4341.5
AGRP,5666.5
ENKD1,2696.0
PSMB10,2944.0
DPEP3,5646.0
TMED6,4719.0
NQO1,188.0
COG4,2208.0
VAC14,2242.0
PMFBP1,4929.0
MLKL,4066.5
WDR59,1452.0
LDHD,3242.5
TMEM170A,2945.5
ADAT1,2541.0
MAF,3004.0
CMC2,2446.5
PKD1L2,5248.0
MPHOSPH6,2558.0
TAF1C,2933.0
COTL1,4777.0
GINS2,1724.0
C16orf74,4974.5
MTHFSD,3518.0
ZCCHC14,2382.0
MVD,1537.0
RNF166,3976.0
APRT,755.0
CBFA2T3,5067.0
ANKRD11,1862.5
CHMP1A,2625.0
VPS9D1,3341.0
FANCA,3458.0
RPA1,2212.0
HIC1,4815.0
SRR,3619.0
ASPA,4935.0
CTNS,2528.0
EMC6,4278.0
CYB5D2,2779.0
SPNS2,4215.0
SMTNL2,5844.5
MED11,3163.0
ZMYND15,4565.0
ENO3,3524.0
RABEP1,2661.5
RPAIN,2625.0
TXNDC17,3253.0
BCL6B,5053.0
CD68,897.0
MPDU1,1943.5
SHBG,3345.0
WRAP53,3447.0
DNAH2,5233.0
TMEM88,4475.0
CHD3,3774.0
CNTROB,3377.0
PFAS,2466.0
RANGRF,3809.0
ARHGEF15,5765.0
USP43,4588.0
ADPRM,3177.5
DNAH9,5882.0
ARHGAP44,4734.0
COX10,3384.0
ADORA2B,4222.0
TTC19,3119.0
PIGL,3220.0
UBB,177.0
TRPV2,4791.0
MED9,3939.0
GID4,3623.0
DRG2,1926.5
PRPSAP2,2446.0
SLC5A10,5719.0
MAPK7,3182.0
ALDH3A2,1631.0
SPECC1,4120.0
MAP2K3,988.0
WSB1,1137.0
LGALS9,4412.0
TNFAIP1,1207.5
TMEM199,3104.5
SLC13A2,5341.0
SUPT6H,1294.0
TAOK1,1056.0
TP53I13,3032.0
ANKRD13B,4414.0
EFCAB5,5460.0
NSRP1,3437.0
GOSR1,2256.0
ATAD5,3940.5
ADAP2,4674.5
RNF135,5399.0
NF1,2106.0
SUZ12,996.0
RHBDL3,5469.0
TMEM98,2267.5
TMEM132E,5891.0
ZNF830,3099.0
FNDC8,5857.0
UNC45B,6174.5
RPL19,71.0
PPP1R1B,5058.0
TCAP,4668.0
ERBB2,3978.0
GRB7,2673.0
CSF3,4939.0
THRA,2789.0
MSL1,2144.0
CASC3,1077.5
WIPF2,2671.0
RARA,2317.5
FKBP10,2813.0
NKIRAS2,2206.0
STAT5A,4596.0
NAGLU,1667.0
COASY,1889.5
MLX,1944.0
TUBG1,805.0
CNTNAP1,3412.0
RAMP2,4071.0
AOC2,4285.0
AOC3,4803.0
IFI35,1773.0
NBR1,1263.0
DHX8,1584.0
G6PC3,1155.0
ASB16,4641.0
ADAM11,4914.0
HIGD1B,6119.5
ACBD4,3489.5
HEXIM2,3309.0
FMNL1,4657.5
GOSR2,2007.0
MYL4,5748.0
NPEPPS,1480.0
TBKBP1,4492.0
LRRC46,4927.0
PNPO,1447.0
CDK5RAP3,2096.0
SNX11,2519.0
UBE2Z,919.0
IGF2BP1,2833.0
ABI3,5452.0
NGFR,5447.0
SGCA,5414.0
XYLT2,2858.0
ACSF2,2419.0
MYCBPAP,5816.5
LUC7L3,2322.5
UTP18,1180.5
TOM1L1,2934.5
HLF,1741.0
ANKFN1,5830.5
NOG,5558.0
DGKE,3830.0
AKAP1,1345.0
MSI2,2299.5
LPO,6060.5
PPM1E,4733.0
PRR11,1280.0
SMG8,3475.5
GDPD1,3195.5
YPEL2,2203.0
RPS6KB1,2562.0
BCAS3,3778.0
MRC2,3647.0
KCNH6,4499.5
TACO1,2001.0
PSMC5,1262.0
RGS9,5816.5
PRKCA,2652.0
CACNG5,6072.0
CACNG4,5005.0
CACNG1,5362.0
NOL11,1368.0
BPTF,1848.0
AMZ2,2049.0
PRKAR1A,623.0
MAP2K6,4726.0
KCNJ2,5919.0
COG1,1575.5
C17orf80,2651.0
TTYH2,4617.0
GPRC5C,1390.5
CD300A,5926.0
RAB37,3589.5
OTOP2,5871.5
CDR2L,1721.5
KCTD2,2009.5
NUP85,1030.0
LLGL2,1556.0
ITGB4,2115.5
GALR2,4704.5
METTL23,1714.0
MGAT5B,4776.0
SEC14L1,1716.0
TNRC6C,3335.0
TMC8,4814.0
SYNGR2,2166.0
AFMID,2795.0
BIRC5,2070.0
ENGASE,3147.5
ENPP7,4331.0
CBX2,2896.5
CARD14,5379.0
SLC26A11,3485.0
CHMP6,2640.5
FSCN2,4808.0
ANAPC11,1256.0
ASPSCR1,2342.0
FOXK2,2005.5
FN3K,2979.0
GEMIN4,3381.0
GLOD4,1881.0
CRK,1444.0
MYO1C,1110.0
PITPNA,2044.5
SMYD4,2716.5
SDHC,1584.0
SMG6,3759.0
MNT,2589.0
TRPV3,4983.0
CAMKK1,4197.5
ANKFY1,2430.0
MYBBP1A,2673.0
GGT6,5206.0
ALOX15,5583.0
PELP1,1674.0
CXCL16,860.0
SLC25A11,1209.0
PFN1,111.5
ZNF232,2759.0
C1QBP,508.0
AIPL1,5665.0
PITPNM3,5221.5
SLC16A11,4778.0
ASGR1,1830.0
DVL2,2376.0
GABARAP,2475.0
SOX15,4598.0
FXR2,2072.5
SAT2,1153.5
TP53,2350.0
TRAPPC1,230.0
PER1,3838.0
AURKB,3117.0
SLC25A35,4263.0
MYH10,1413.0
MFSD6L,5240.5
STX8,2933.0
GAS7,4824.0
MYH13,6079.5
MYH1,6247.0
ZNF18,4445.5
ELAC2,1626.0
HS3ST3A1,4892.5
TEKT3,5858.0
TRIM16,3012.0
UBE2S,2054.0
CENPV,1701.0
FLCN,2638.0
COPS3,1157.5
PEMT,1976.0
SREBF1,1556.0
FAM83G,3086.0
B9D1,3449.5
NOS2,5603.0
IFT20,3735.0
VTN,627.5
PIGS,1647.0
ALDOC,339.0
SPAG5,2383.0
SDF2,2109.0
PROCA1,4543.5
RAB34,3075.5
TLCD1,1294.0
FAM222B,2656.0
FLOT2,489.0
PHF12,3189.0
SEZ6,5516.0
ABHD15,2959.5
CORO6,5030.0
SSH2,3599.5
CRLF3,2037.5
EVI2A,5816.5
MYO1D,3165.0
ASIC2,6074.0
CCL1,6291.0
SLFN11,4911.5
SLFN12,4111.0
PEX12,3956.0
CACNB1,4640.0
STAC2,4641.0
FBXL20,2610.0
NEUROD2,5900.0
PGAP3,3001.0
GSDMB,2850.0
ORMDL3,681.0
MED24,1178.0
TNS4,5198.0
KRT222,5928.5
KRT35,6193.0
KRT9,5181.0
KRT14,5967.0
KRT16,5355.0
HAP1,5391.0
JUP,1976.0
ACLY,261.0
DNAJC7,3011.5
DHX58,4105.5
KAT2A,1425.0
RAB5C,842.0
GHDC,3142.0
STAT3,1030.0
PSMC3IP,3839.0
CCR10,4708.0
VAT1,1156.0
ETV4,2862.0
MEOX1,5732.0
DUSP3,528.0
MPP2,4654.0
PPY,5900.0
PYY,5043.0
HDAC5,3436.5
UBTF,1843.0
SLC4A1,5638.0
SLC25A39,354.0
CCDC43,2284.0
GJC1,1795.0
C1QL1,4875.0
DCAKD,1644.0
CDC27,1169.5
MRPL10,2315.0
SCRN2,3554.0
SKAP1,5205.0
HOXB3,4521.0
HOXB4,4560.0
HOXB8,5926.0
HOXB13,5058.0
PHOSPHO1,5698.0
SPOP,1794.0
SLC35B1,1730.0
FAM117A,3913.0
SAMD14,4948.0
MRPL27,2062.0
LRRC59,529.0
ANKRD40,1742.0
TOB1,477.0
SPAG9,1614.5
CA10,6136.0
COIL,1407.0
MRPS23,1880.0
MKS1,3952.0
HSF5,5806.0
TRIM37,1688.0
PTRH2,2678.0
HEATR6,2328.0
CYB561,3650.0
GH2,6068.0
CD79B,4934.0
TEX2,1929.0
DDX5,622.0
AXIN2,3626.0
CEP112,4491.0
APOH,836.5
PSMD12,1697.0
C17orf58,2593.0
SLC16A6,5118.0
ABCA6,5174.0
CD300LF,5187.0
HID1,3759.5
MIF4GD,3399.0
CASKIN2,3706.0
RECQL5,3069.0
GALK1,1397.0
SRP68,1248.0
EXOC7,1829.0
FOXJ1,4558.0
QRICH2,4658.0
JMJD6,2569.0
TMC6,2795.0
TK1,846.5
CANT1,1195.5
CBX8,3439.0
TBC1D16,2516.5
SLC38A10,1473.0
NPLOC4,561.0
DCXR,535.0
RFNG,2974.0
DUS1L,2039.5
CSNK1D,917.0
SECTM1,4266.0
WDR45B,575.0
ZNF750,5816.5
KPNA2,665.0
ARHGDIA,2975.0
CLUL1,5436.0
TYMS,1393.0
NDC80,2671.0
ARHGAP28,5131.5
MTCL1,2167.0
ANKRD12,3276.5
TWSG1,3245.0
RALBP1,2115.0
VAPA,1682.0
NAPG,1967.0
CIDEA,5810.0
TUBB6,3254.5
PSMG2,574.0
CEP192,2861.5
MC5R,6072.0
GREB1L,3056.0
SNRPD1,2716.0
MIB1,2189.0
CABLES1,3316.0
IMPACT,1953.0
DSG1,5685.0
DSG4,5680.0
DSG2,1717.0
RNF125,4613.0
DTNA,3564.0
ELP2,2611.5
FHOD3,4732.0
SLC14A2,5694.0
SLC14A1,5816.5
HAUS1,2573.0
RNF165,4814.0
KATNAL2,4752.0
LIPG,3513.0
SMAD4,2504.0
DCC,6148.5
POLI,3817.0
C18orf54,3572.0
WDR7,2971.0
ST8SIA3,5659.0
NEDD4L,3454.0
CDH20,5830.5
TNFRSF11A,4705.0
SERPINB7,5900.0
SERPINB10,6143.5
SERPINB8,4197.0
CDH7,5972.0
DOK6,5458.0
CNDP2,1851.0
CNDP1,6069.0
TSHZ1,3474.0
NFATC1,4711.5
ADNP2,1857.0
METTL4,3951.5
LPIN2,902.5
MYOM1,4058.0
DLGAP1,5573.0
EPB41L3,5359.0
L3MBTL4,5303.0
PPP4R1,2203.0
PIEZO2,3454.0
ADGRA3,2225.0
AFG3L2,1046.5
ROCK1,1527.0
ESCO1,3176.0
ABHD3,2564.5
CTAGE1,6274.0
ANKRD29,4996.0
KCTD1,4415.5
CDH2,2121.0
DSC3,5291.0
B4GALT6,4523.5
KLHL14,5387.0
CCDC178,5885.0
NOL4,6192.0
ZNF24,2028.0
ZNF396,5065.0
RPRD1A,1587.0
SLC39A6,1260.0
CELF4,5594.0
EPG5,2647.0
LOXHD1,6008.0
HDHD2,1417.5
SMAD7,3829.0
DYM,1983.0
MYO5B,3827.0
MBD1,2409.0
MBD2,2305.5
STARD6,6193.0
CCDC68,2309.0
TCF4,3714.0
TXNL1,1510.0
FECH,2717.0
ALPK2,3979.0
LMAN1,533.0
PIGN,3036.0
BCL2,4190.0
KDSR,1518.0
CDH19,5781.5
CD226,5456.0
CBLN2,6148.5
NETO1,6311.0
MBP,2837.0
PARD6G,3722.5
TPGS1,4308.0
FGF22,5322.0
PALM,2674.5
MISP,3759.5
PTBP1,263.0
KISS1R,4904.0
ARID3A,2304.0
CNN2,519.0
ABCA7,4027.5
STK11,3167.5
MIDN,2314.5
DAZAP1,2296.0
APC2,4695.5
REEP6,1012.5
PLK5,5494.0
ADAT3,4187.0
CSNK1G2,942.5
IZUMO4,4971.0
DOT1L,2728.0
ZNF556,5620.0
GNA11,2111.5
S1PR4,4800.5
NCLN,1042.0
CELF5,4829.5
NFIC,1531.0
MRPL54,1953.0
NMRK2,5891.0
PIAS4,1160.5
EBI3,4450.0
FSD1,5076.5
CHAF1A,1175.0
FEM1A,2529.0
SAFB,1576.0
RPL36,413.0
CATSPERD,5830.5
NRTN,3963.0
CRB3,2134.5
TRIP10,2738.0
ZNF557,2936.0
MCOLN1,2147.0
PNPLA6,1865.0
CAMSAP3,1693.0
STXBP2,3183.0
MCEMP1,6067.0
TRAPPC5,2097.0
MAP2K7,3807.0
CCL25,5758.0
CERS4,4194.0
RAB11B,586.0
HNRNPM,854.0
ZNF317,2322.0
UBL5,1607.0
MRPL4,1588.0
ICAM5,4816.0
ILF3,518.0
QTRT1,2879.0
CARM1,879.0
TSPAN16,6148.5
SWSAP1,3979.0
ZNF627,3226.5
ZNF491,4926.0
ZNF439,4705.5
ZNF763,4892.5
JUNB,1075.0
MAST1,5190.0
GCDH,1947.0
RAD23A,1214.0
DAND5,4912.0
NACC1,1260.0
MRI1,1179.0
C19orf53,639.0
ADGRE5,2393.5
PKN1,2715.0
SNRPG,407.0
ZNF333,4691.0
OR7C2,5953.0
SYDE1,3839.0
CYP4F22,5579.5
CYP4F3,1754.0
CYP4F12,1972.0
OR10H2,6148.5
KLF2,3047.0
F2RL3,5373.0
OCEL1,1753.0
ANKLE1,4693.0
MVB12A,2594.5
MAP1S,2561.0
FCHO1,4850.0
PIK3R2,1088.0
GDF15,1245.0
KLHL26,4393.0
CRTC1,2957.0
DDX49,2265.0
ARMC6,2579.0
SLC25A42,1654.0
RFXANK,2568.0
CILP2,5326.5
PCGF6,3171.0
ZNF254,4132.0
POP4,2935.0
URI1,774.0
ZNF507,2988.0
DPY19L3,3708.0
RGS9BP,5287.0
GPATCH1,3443.0
KCTD15,3097.0
PDCD2L,2103.5
UBA2,556.0
ZNF30,3764.0
FXYD3,4408.0
FXYD7,5545.0
FXYD5,1498.0
LSR,2617.5
CD22,4791.5
HAUS5,3470.0
UPK1A,4487.0
PROSER3,3580.0
KIRREL2,5857.5
APLP1,5161.0
WDR62,3905.0
CAPNS1,201.0
ZNF567,3796.0
ZNF345,4676.0
ZNF568,5355.0
ZNF383,3824.0
SIPA1L3,2720.0
C19orf33,4794.0
CATSPERG,5027.0
PSMD8,1666.0
SPRED3,4889.0
FAM98C,3196.0
PAK4,2863.0
PLEKHG2,3810.5
LGALS14,5845.0
PLD3,1637.0
SPTBN4,5151.0
SHKBP1,1871.0
LTBP4,2383.0
CYP2F1,5920.5
AXL,4959.0
CEACAM5,5604.0
CEACAM3,6148.5
ARHGEF1,2962.0
TMEM145,4138.0
CD177,5783.0
ZNF576,2881.5
IRGC,6054.0
ZNF221,5220.0
ZNF227,3918.0
ZNF233,5477.0
BCAM,3685.0
TOMM40,1749.0
APOE,89.0
CLPTM1,451.0
RELB,3057.5
CLASRP,2624.0
GEMIN7,3524.0
KLC3,4661.0
FOSB,4272.5
PPM1N,4677.0
GIPR,5087.5
IGFL2,5938.0
HIF3A,5397.0
PPP5C,3408.0
FKRP,3501.0
CCDC9,3544.0
C5AR1,4202.5
SYNGR4,5223.0
SULT2B1,4988.0
FGF21,5068.0
RUVBL2,1007.0
BAX,1719.0
SNRNP70,547.0
CD37,4676.0
ALDH16A1,2881.5
RCN3,3706.0
PRMT1,866.0
MED25,2764.0
TBC1D17,3231.0
ZNF473,2845.0
MYBPC2,5935.0
SIGLEC7,5857.0
CD33,5535.0
SIGLECL1,6266.5
ZNF175,4590.5
FPR2,6335.5
ZNF613,4086.0
PPP2R1A,1223.0
ZNF480,4139.0
ZNF331,3617.0
PRKCG,5480.0
CACNG6,5383.0
EPS8L1,4587.5
TMEM190,5830.5
SSC5D,4264.0
ZNF524,2813.0
U2AF2,779.0
EPN1,1902.0
NLRP4,6148.5
NLRP8,5891.0
ZNF444,2899.0
GALP,6308.5
ZNF471,5670.5
ZFP28,5827.0
ZNF470,4231.0
ZNF71,4109.0
ZNF264,3417.0
AURKC,4691.5
ZNF805,3368.5
ZNF460,2753.0
ZNF548,3629.0
ZNF749,4403.0
ZNF530,4373.5
ZNF211,4181.0
ZSCAN4,6048.5
ZSCAN1,6070.5
ZNF135,4922.0
ZNF274,3127.0
ZSCAN22,4059.0
TRIM28,281.0
RPS5,90.0
ZNF324B,3720.5
MIER2,3818.0
ODF3L2,4747.0
POLR2E,1744.0
GAMT,2917.0
PCSK4,4499.5
ADAMTSL5,4273.0
TCF3,2510.0
MKNK2,1597.0
MOB3A,1981.5
AP3D1,971.0
GNG7,3163.5
DIRAS1,4754.5
SLC39A3,1919.0
TLE2,3252.0
MFSD12,3120.0
CACTIN,3405.0
PIP5K1C,2493.0
MATK,4427.0
ZFR2,5351.0
DAPK3,2595.0
SIRT6,2705.0
TMIGD2,5858.0
UBXN6,1824.0
TICAM1,2473.0
PLIN3,1846.0
SAFB2,1697.5
LONP1,1070.5
DUS3L,2430.0
FUT5,4957.0
RANBP3,1997.0
RFX2,4082.0
ACER1,5770.0
KHSRP,482.0
CD70,4907.5
C3,134.0
INSR,2879.5
XAB2,1576.0
CD320,803.0
KANK3,4916.0
ZNF414,2923.5
ADAMTS10,5413.5
ZNF558,4744.0
MUC16,5854.0
FBXL12,2337.5
OLFM2,3515.0
COL5A3,4116.0
ANGPTL6,4800.0
EIF3G,1084.5
ICAM3,1497.0
KRI1,1860.0
CDKN2D,3289.0
TMED1,1502.0
EPOR,3923.0
RGL3,4241.5
ELAVL3,5622.0
ZNF653,3814.0
ECSIT,2751.0
ELOF1,3036.0
ZNF823,3991.5
ZNF442,4725.0
ZNF443,2934.5
ZNF564,3096.0
WDR83OS,1179.0
FBXW9,3664.5
HOOK2,2764.0
PRDX2,1847.0
RTBDN,5389.0
DNASE2,2686.0
GADD45GIP1,3176.0
LYL1,4048.0
CACNA1A,5814.0
GIPC1,700.0
NDUFB7,204.5
ILVBL,1587.0
NOTCH3,3908.0
EPHX3,4747.0
BRD4,870.0
AKAP8,2508.0
WIZ,2996.0
RASAL3,4985.0
PGLYRP2,5292.0
CYP4F2,4483.0
CYP4F11,1835.0
EPS15L1,2598.0
MED26,3593.0
SMIM7,2949.5
CPAMD8,5502.0
HAUS8,3444.5
USHBP1,5383.0
BST2,3724.0
IL12RB1,5238.0
JUND,196.0
LRRC25,5014.0
FKBP8,1979.5
COMP,5506.0
COPE,854.0
SUGP2,1080.0
TM6SF2,3057.0
ATP13A1,1493.0
ZNF682,3726.0
ZNF626,4368.0
ZNF99,5942.0
ZNF675,4359.0
C19orf12,2233.5
TSHZ3,5525.0
ANKRD27,2602.0
SLC7A10,4920.0
PEPD,713.0
SCGB2B2,5380.0
LGI4,4522.5
FAM187B,6010.0
KRTDAP,6143.5
DMKN,3896.0
U2AF1L4,4117.0
HSPB6,4390.0
NPHS1,5819.0
TYROBP,3806.0
SYNE4,3312.0
CLIP3,4287.0
THAP8,3734.0
ZFP82,4487.5
ZNF829,4791.0
ZNF585A,4281.0
ZNF585B,4954.0
DPF1,4698.0
YIF1B,2524.0
GGN,5211.0
RASGRP4,5157.0
FBXO27,4504.0
GMFG,4663.0
PAF1,939.0
RPS16,51.0
EID2B,3483.5
TTC9B,5587.0
C19orf47,2459.0
HIPK4,5511.0
SERTAD3,2227.0
NUMBL,4390.0
C19orf54,2440.5
TGFB1,2652.0
PAFAH1B3,713.0
CNFN,4332.0
LIPE,5162.0
CEACAM1,1599.0
PSG9,5900.0
LYPD3,4969.0
PHLDB3,3013.0
XRCC1,2197.0
ZNF428,1358.5
PLAUR,4221.0
SMG9,2385.0
ZNF404,4933.0
ZNF45,3485.0
ZNF235,4092.5
ZNF180,4477.5
ZNF296,3374.0
NKPD1,5293.0
PPP1R13L,1992.0
RTN2,3679.5
OPA3,2568.0
EML2,3474.0
NOVA2,4497.0
CCDC8,4705.5
PTGIR,5186.5
DACT3,4955.0
STRN4,1612.5
AP2S1,228.0
ZC3H4,2617.0
MEIS3,4994.5
SLC8A2,5321.0
NAPA,3673.5
PLA2G4C,4625.0
LIG1,3088.0
CARD8,4254.5
TMEM143,2774.0
KDELR1,399.0
RPL18,80.0
NTN5,4774.0
MAMSTR,3711.0
PLEKHA4,4585.0
HRC,5186.0
SLC6A16,4479.0
SLC17A7,5372.0
NOSIP,2331.0
RRAS,952.0
IRF3,1575.5
FUZ,4836.0
PNKP,2933.0
VRK3,2529.0
KCNC3,4290.0
NAPSA,4963.0
SYT3,5524.0
KLK15,5853.0
KLK4,5900.0
KLK6,5511.5
KLK10,6074.0
KLK13,5945.5
ETFB,647.0
LIM2,6399.0
SIGLEC6,6134.0
HAS1,5780.0
FPR1,5519.5
ZNF577,4314.0
ZNF616,3306.0
ZNF836,4284.0
ZNF83,4693.5
ZNF468,4028.0
ZNF160,4077.0
ZNF665,5292.5
ZNF677,5263.0
PTPRH,3044.0
TMEM86B,3429.0
HSPBP1,2193.0
IL11,4647.0
ISOC2,1852.0
ZNF579,2622.0
ZSCAN5A,3874.0
ZNF552,4127.0
ZNF417,2753.5
ZNF256,3603.0
ZNF606,4023.0
ZNF329,4342.0
ZNF132,5046.0
ZBTB45,3987.0
CHMP2A,1023.0
UBE2M,447.0
MZF1,3217.0
PNRC2,1460.0
MRPL20,1426.5
SRSF10,944.0
ACP1,555.0
COLEC11,3787.0
SOX11,5979.0
ID2,588.0
ASAP2,2468.0
CPSF3,1362.0
IAH1,2565.0
KLF11,2751.5
HPCAL1,1134.0
KCNF1,4501.0
C2orf50,5575.0
GREB1,3582.0
TRIB2,3647.5
VSNL1,1618.0
GEN1,3658.0
KCNS3,4720.0
NCOA1,3719.5
EFR3B,5100.0
RAB10,604.0
DRC1,6070.5
SLC35F6,1479.0
EMILIN1,4323.0
KHK,1589.0
DNAJC5G,5624.0
TRIM54,5378.0
SNX17,1002.0
GCKR,2706.5
MRPL33,822.0
PLB1,4662.0
PPP1CB,1299.0
SPDYA,5137.5
LBH,5037.0
EHD3,5297.0
SLC30A6,1152.0
VIT,6148.5
GPATCH11,3646.5
QPCT,4376.0
PKDCC,2167.0
DYNC2LI1,3054.0
ABCG8,3533.0
PPM1B,1731.5
CAMKMT,1736.5
SIX3,5477.0
SOCS5,2220.0
FOXN2,1474.0
PPP1R21,2679.0
CHAC2,3401.0
ERLEC1,2730.5
ACYP2,3682.0
C2orf73,6074.0
SPTBN1,379.0
RPS27A,243.0
VRK2,1961.0
COMMD1,1260.5
MDH1,854.5
UGP2,823.0
SLC1A4,2552.5
CEP68,3733.0
ACTR2,360.0
PNO1,1853.0
PLEK,4999.0
ANXA4,1980.0
ANKRD53,5229.0
NAGK,3664.5
CCT7,355.0
STAMBP,2382.5
ACTG2,5437.0
DGUOK,670.0
MTHFD2,2589.5
TLX2,5505.0
HTRA2,2435.5
MRPL19,2447.0
DNAH6,4869.0
SH2D6,5369.5
MAT2A,568.0
VAMP8,1178.0
RNF181,676.0
USP39,1112.0
GNLY,5490.0
THNSL2,3561.0
TEX37,5740.5
RPIA,2790.0
MAL,5317.0
KCNIP3,5243.0
CNGA3,6247.0
INPP4A,3683.0
UNC50,981.5
LIPT1,3635.0
MRPL30,2816.5
CNOT11,546.0
IL1R2,3801.0
IL1RL2,5272.0
IL1RL1,5671.0
IL18R1,4957.5
SLC9A2,5140.0
GPR45,6072.0
NCK2,2770.0
CD8B,6047.5
SULT1C2,4573.5
SULT1C4,4957.5
GCC2,3402.5
CCDC138,3866.0
SOWAHC,1273.0
MERTK,3336.0
ZC3H6,4492.5
TTL,2946.0
SLC20A1,562.0
IL37,5275.0
IL36RN,6095.5
IL1RN,3794.0
PSD4,3678.0
DPP10,5909.0
DDX18,615.0
INSIG2,3044.0
MARCO,5094.0
STEAP3,1680.0
DBI,1413.0
TSN,1477.0
GYPC,4817.0
PROC,1460.0
GPR17,5816.0
UGGT1,780.0
MZT2B,3022.5
IMP4,830.0
PTPN18,1899.5
AMER3,5920.5
ARHGEF4,5444.0
GPR39,4038.0
MGAT5,2852.5
ACMSD,3927.0
CCNT2,2573.5
UBXN4,793.0
THSD7B,6283.0
HNMT,3439.0
SPOPL,2745.5
ACVR2A,3716.0
EPC2,3752.0
FMNL2,3144.0
ARL6IP6,3095.0
GPD2,3494.5
DAPL1,6072.0
TANC1,3488.0
TANK,2614.5
TBR1,5894.0
GCA,3176.0
SCN2A,5733.5
CSRNP3,4314.0
CERS6,2691.0
DHRS9,5753.0
BBS5,4866.0
PPIG,1078.5
UBR3,1521.5
GAD1,4789.0
GORASP2,803.0
HAT1,1353.5
METAP1D,4016.5
PDK1,3986.0
CDCA7,1858.0
SCRN3,3283.0
HOXD4,4558.0
MTX2,2200.0
AGPS,1924.0
OSBPL6,3829.0
DNAJC10,3535.0
DUSP19,4132.0
NUP35,2379.0
FAM171B,4074.0
WDR75,2353.0
ANKAR,4288.0
PMS1,3549.0
C2orf88,4532.0
INPP1,1742.0
MFSD6,3015.5
NAB1,3139.0
MYO1B,1581.0
MARS2,3351.0
C2orf69,1277.0
CFLAR,1850.5
CASP10,2877.0
CASP8,2426.0
STRADB,1530.0
BMPR2,3094.0
FAM117B,2832.0
ABI2,2295.0
CD28,5873.0
PARD3B,4451.0
NRP2,4625.0
FASTKD2,3113.0
CPO,5650.0
CREB1,2805.5
PIKFYVE,1461.5
CPS1,3140.0
ATIC,319.0
SMARCAL1,2593.0
RPL37A,731.0
IGFBP2,2250.0
ARPC2,517.5
PNKD,1120.0
SLC11A1,5003.0
VIL1,3251.0
BCS1L,1711.0
ZFAND2B,2561.0
ANKZF1,2594.5
DNAJB2,2238.0
INHA,5236.0
SLC4A3,5209.0
SGPP2,5437.0
MRPL44,587.0
RHBDD1,2069.0
COL4A3,5574.0
MFF,1103.0
AGFG1,1922.5
CCL20,2336.0
FBXO36,3604.0
SP100,3122.0
ITM2C,1113.0
PSMD1,381.5
B3GNT7,4292.0
COPS7B,1838.0
ALPI,5418.5
CHRND,5763.0
CHRNG,5830.5
EFHD1,3397.0
GIGYF2,2611.0
NEU2,5900.0
ACKR3,4254.0
COPS8,2748.0
RAMP1,1923.0
ESPNL,4084.0
GPC1,3283.5
ANO7,4031.5
BOK,1796.0
FAM110C,3987.0
SH3YL1,4608.0
TMEM18,2548.0
PXDN,5175.5
CMPK2,4731.0
MBOAT2,5634.5
ITGB1BP1,2416.0
ADAM17,1524.0
YWHAQ,181.0
CYS1,5574.0
NOL10,1768.0
PDIA6,542.0
ROCK2,463.0
E2F6,2000.0
NTSR2,6031.0
NBAS,2537.0
OSR1,4249.0
TTC32,3510.0
WDR35,3199.0
LAPTM4A,138.0
SDC1,1629.0
ATAD2B,3739.0
TP53I3,2600.0
PFN4,5161.0
ITSN2,3313.0
PTRHD1,2679.0
ADCY3,3491.0
POMC,5896.5
DNMT3A,3336.0
ASXL2,2520.0
KIF3C,3608.0
ADGRF3,5236.0
OTOF,5610.0
CIB4,6181.5
CGREF1,3321.0
UCN,3705.0
GTF3C2,1374.0
EIF2B4,1776.5
PPM1G,450.0
FNDC4,2875.0
SUPT7L,2155.5
NLRC4,4829.0
FAM98A,797.0
FEZ2,2202.5
STRN,2865.5
HEATR5B,2686.0
EIF2AK2,1455.0
PRKD3,3433.0
ATL2,1313.0
HNRNPLL,2934.5
SRSF7,1295.0
SOS1,1578.5
THUMPD2,3594.0
SLC8A1,5069.0
COX7A2L,1517.0
KCNG3,5129.0
THADA,2898.0
SRBD1,2919.0
MCFD2,779.0
CALM2,827.0
KCNK12,5113.0
NRXN1,6158.0
PSME4,1150.5
RTN4,341.0
MTIF2,1646.0
PNPT1,863.0
EFEMP1,972.5
FANCL,3195.5
BCL11A,4715.0
FAM161A,4075.5
VPS54,2713.0
SERTAD2,1869.5
SPRED2,2155.5
C1D,2640.5
CNRIP1,5679.0
GFPT1,1230.0
NFU1,2116.0
TIA1,2814.0
TGFA,3837.0
ADD2,5857.0
FIGLA,6236.5
TEX261,1128.5
MCEE,2777.0
CYP26B1,3655.0
EXOC6B,1654.5
NAT8,1941.0
TPRKB,3338.0
BOLA3,1324.0
MOB1A,1264.0
DCTN1,1134.0
RTKN,1810.0
DQX1,4767.0
GCFC2,3394.0
REG3A,5552.0
SUCLG1,336.0
TGOLN2,993.0
RETSAT,1691.5
CAPG,4020.5
SFTPB,5416.0
ST3GAL5,3856.0
POLR1A,1642.5
CD8A,4838.0
KRCC1,2094.5
EIF2AK3,4168.0
ANKRD36C,3261.0
GPAT2,5665.0
STARD7,339.0
NEURL3,4264.0
LMAN2L,1956.0
ANKRD23,4893.0
SEMA4C,2830.0
ANKRD36B,3380.5
COA5,1898.0
TSGA10,4351.0
LYG2,5551.0
REV1,2965.5
AFF3,4943.0
LONRF2,4674.0
TBC1D8,1923.5
ST6GAL2,5816.5
EDAR,5633.0
NPHP1,4760.5
BUB1,2373.0
CKAP2L,2403.0
IL1A,5830.0
IL1B,4558.0
PAX8,4298.5
CCDC93,2156.0
EN1,5891.0
TFCP2L1,5085.0
CLASP1,3136.0
NIFK,2621.0
BIN1,1607.0
CYP27C1,5777.0
LIMS2,4554.0
WDR33,1707.0
POLR2D,1694.5
HS6ST1,2668.0
CCDC115,2990.0
LYPD1,4580.5
ZRANB3,4157.0
LCT,5756.5
MCM6,1221.0
CXCR4,5194.0
GTDC1,4377.0
MMADHC,464.0
RND3,3677.0
RBM43,4052.0
CACNB4,5828.0
RPRM,5525.5
NR4A2,4153.0
ERMN,6418.5
ACVR1C,5331.0
WDSUB1,3708.5
BAZ2B,3621.0
PLA2R1,5229.0
RBMS1,1494.0
DPP4,2531.0
GRB14,3148.0
SCN3A,6012.5
TTC21B,2433.5
SCN9A,5011.0
METTL8,3808.0
SLC25A12,3408.0
DLX2,4722.0
SP3,2230.0
OLA1,915.0
GPR155,4612.5
WIPF1,4543.0
CHRNA1,6143.5
CHN1,4969.0
ATF2,1108.0
PDE11A,4858.0
FKBP7,4384.0
TTN,5281.5
CCDC141,6001.0
SESTD1,1955.5
ZNF385B,5111.0
FRZB,4913.0
NCKAP1,1208.0
CACYBP,888.5
CALCRL,5635.5
TFPI,957.0
SLC40A1,1052.0
OSGEPL1,3738.5
MSTN,5932.0
STAT4,4907.0
TMEFF2,5182.0
HECW2,5122.5
HSPD1,131.0
BOLL,5921.0
SATB2,3714.5
TYW5,4113.0
KCTD18,3947.5
PPIL3,1191.0
ORC2,2060.0
TRAK2,2139.0
TMEM237,2864.0
MPP4,5905.0
ICA1L,4788.0
WDR12,1462.5
RAPH1,3246.0
KLF7,4532.5
METTL21A,3562.0
IDH1,595.0
MYL1,6313.0
LANCL1,2447.0
ERBB4,5900.0
ABCA12,5627.0
TNS1,3596.0
FEV,5839.5
IHH,4131.0
NHEJ1,3245.0
ATG9A,1321.0
PTPRN,5900.0
CHPF,1353.0
EPHA4,5417.0
AP1S3,4832.0
WDFY1,1205.0
SERPINE2,1843.0
CUL3,3594.5
DOCK10,5000.0
COL4A4,5273.0
TM4SF20,5202.0
PID1,4228.5
TRIP12,1267.0
SLC16A14,5608.5
GPR55,5892.0
HTR2B,5054.0
NCL,623.0
NMUR1,5273.0
PDE6D,2766.5
ARL4C,5109.0
GBX2,5286.0
IQCA1,5270.0
COL6A3,5577.0
ILKAP,2813.0
PER2,2618.0
HDAC4,3792.0
NDUFA10,2104.0
OTOS,6143.5
ANKMY1,3728.0
MTERF4,3776.0
HDLBP,536.0
DEFB126,6210.0
SOX12,3517.0
NRSN2,1115.0
TRIB3,1464.0
RBCK1,1336.0
FAM110A,3247.5
PSMF1,1582.0
SIRPA,2695.0
TMC2,5904.5
EBF4,4521.5
GNRH2,4759.0
ITPA,1673.0
HSPA12B,5148.0
SMOX,1878.5
PRNP,1608.5
CDS2,1606.0
MCM8,3105.0
PLCB1,3767.0
PLCB4,5900.0
ANKEF1,3034.0
SLX4IP,3270.0
BTBD3,2080.0
SPTLC3,3143.0
ISM1,5202.0
MACROD2,4784.0
OTOR,6001.0
PCSK2,6274.0
DSTN,896.0
BANF2,5975.5
ZNF133,3288.0
NAA20,683.0
INSM1,6078.5
PAX1,5974.5
SYNDIG1,6318.0
ENTPD6,1643.0
PYGB,1912.0
HM13,759.5
ID1,600.0
COX4I2,5682.0
MYLK2,5211.5
TTLL9,5872.5
CCM2L,4595.0
POFUT1,1391.5
ASXL1,2110.0
DNMT3B,2763.0
BPIFA2,5857.0
BPIFA1,5959.0
BPIFB1,5397.5
CBFA2T2,3054.0
RALY,593.5
ASIP,5069.5
DYNLRB1,965.5
MAP1LC3A,4056.0
TP53INP2,1910.5
ACSS2,1120.5
MYH7B,5046.0
PROCR,4520.0
MMP24,4440.0
CEP250,3083.0
SPAG4,4183.5
ROMO1,668.0
RPF2,2033.0
PHF20,2923.0
EPB41L1,3264.0
DLGAP4,2983.5
SRC,1727.5
RALGAPB,1421.0
SLC32A1,6205.0
TOP1,1713.0
LPIN3,2831.0
SRSF6,492.0
L3MBTL1,4252.0
MYBL2,1883.0
TOX2,5458.0
R3HDML,5830.5
HNF4A,592.5
TTPAL,2301.0
PKIG,3495.0
SEMG1,6125.0
RBPJL,5642.5
PIGT,1487.0
WFDC2,5005.0
UBE2C,1231.0
ZSWIM1,2275.0
CTSA,425.5
PCIF1,2288.0
SLC12A5,5250.0
CD40,3278.0
NCOA3,1711.5
CSE1L,414.0
SNAI1,4835.0
CEBPB,347.0
PTPN1,939.0
MOCS3,3904.0
FAM210B,1753.0
CASS4,5020.0
FAM209A,5337.0
PCK1,4727.5
RAB22A,2216.0
VAPB,2277.0
GNAS,442.0
TUBB1,5241.0
EDN3,6079.5
PHACTR3,5872.0
LSM14B,1342.5
RPS21,315.5
MRGBP,945.0
BIRC7,5046.0
SLC2A4RG,559.0
DNAJC5,1436.5
TCEA2,3424.5
C20orf96,1859.0
ANGPT4,5785.0
RSPO4,5908.0
NSFL1C,1416.0
SIRPB1,5172.0
PDYN,6072.0
SNRPB,119.0
CPXM1,5185.0
SLC4A11,3322.0
ADAM33,5865.0
C20orf27,1315.0
SPEF1,5077.5
CENPB,568.0
RASSF2,4982.5
SLC23A2,1757.0
PCNA,438.0
PROKR2,6067.0
GPCPD1,2687.5
TRMT6,2595.0
HAO1,4981.0
JAG1,2606.0
TASP1,2366.5
ESF1,2027.0
KIF16B,3579.0
SNX5,1381.0
FOXA2,2913.0
CD93,5816.5
NAPB,3392.0
CST9L,6371.0
CST3,786.0
CST1,5491.5
GGTLC1,5356.5
VSX1,5626.0
NINL,3570.0
NANP,2688.0
ZNF337,3723.0
FOXS1,5707.5
DUSP15,5173.5
PDRG1,1437.5
COMMD7,1096.5
SNTA1,2875.0
NECAB3,2223.0
PXMP4,3613.0
AHCY,440.0
PIGU,713.5
NCOA6,1711.0
GGT7,3505.5
TRPC4AP,635.0
UQCC1,1994.0
NFS1,1928.0
SCAND1,1009.0
SLA2,4095.0
DSN1,2122.0
RBL1,1611.0
TTI1,1827.0
TGM2,1285.0
MAFB,3601.0
EMILIN3,5563.0
CHD6,3487.0
PTPRT,5935.0
JPH2,4993.0
OSER1,2267.0
FITM2,1299.0
SERINC3,787.0
TOMM34,1118.0
WFDC9,6205.0
ACOT8,3343.0
NEURL2,3988.0
PLTP,2728.0
NCOA5,2483.0
SLC35C2,1364.0
ELMO2,2141.0
SLC13A3,4375.0
TP53RK,3115.0
SULF2,2599.5
STAU1,441.0
ZNFX1,2755.0
KCNB1,5311.0
B4GALT5,1713.0
ADNP,1585.5
DPM1,1284.0
KCNG1,5513.5
ATP9A,775.0
SALL4,4413.0
ZFP64,2197.0
CYP24A1,5652.0
AURKA,875.0
CTCFL,6083.0
PMEPA1,5486.0
APCDD1L,4571.5
SYCP2,5576.5
CABLES2,3239.0
RBBP8NL,5351.5
TCFL5,2228.0
DIDO1,2682.0
YTHDF1,1008.0
CHRNA4,5538.0
PTK6,3984.0
SRMS,5661.0
HELZ2,3079.0
ZBTB46,3249.0
RGS19,3149.5
USP25,2935.0
JAM2,5178.0
USP16,3044.0
MAP3K7CL,4111.0
BACH1,2061.0
MRAP,5463.0
IFNAR2,2968.0
SON,464.0
ITSN1,3435.0
SLC5A3,1948.0
CLIC6,5190.0
CHAF1B,3062.5
SIM2,5167.0
RIPPLY3,5081.0
TTC3,1642.0
DYRK1A,3271.0
KCNJ15,5611.0
ETS2,1447.5
B3GALT5,5656.5
IGSF5,6143.5
BACE2,4793.0
FAM3B,5120.5
MX2,2321.5
ABCG1,4732.0
UBASH3A,5523.0
PDE9A,4697.0
NDUFV3,2331.0
PKNOX1,3184.0
PDXK,1294.0
AGPAT3,1656.0
AIRE,5857.0
PFKL,1230.0
ADARB1,3438.0
COL6A2,4192.0
YBEY,1746.0
LIPI,6273.5
HSPA13,1787.0
SAMSN1,5504.5
NRIP1,2223.0
MRPL39,1542.0
ADAMTS1,4810.0
LTN1,2814.5
RWDD2B,3543.0
GRIK1,5486.5
SCAF4,2129.0
MIS18A,3531.5
SYNJ1,3212.0
CRYZL1,3256.0
RCAN1,3068.0
HLCS,3305.0
ERG,5997.0
PSMG1,1464.0
TMPRSS2,4434.0
ZBTB21,3626.0
TFF3,3909.5
TFF2,5228.5
TFF1,3964.0
TMPRSS3,4991.0
RSPH1,4936.0
WDR4,1816.0
UBE2G2,1442.5
MCM3AP,2135.5
C21orf58,2941.0
PEX26,3216.0
TUBA8,4920.5
MRPL40,1133.0
TBX1,4704.0
COMT,1782.0
TANGO2,3607.0
RANBP1,858.0
ZDHHC8,2642.0
ZNF74,3866.0
MED15,2292.0
SERPIND1,243.0
CRKL,804.0
AIFM3,4863.0
SDF2L1,947.0
PPIL2,2444.5
VPREB1,6261.5
RGL4,4699.0
UPB1,3507.0
SNRPD3,1737.0
CRYBB3,4491.0
HSCB,1627.0
KREMEN1,3734.0
EWSR1,873.0
NF2,1152.0
UQCR10,403.0
HORMAD2,5816.5
CCDC157,4682.0
MTFP1,4370.0
SLC35E4,4602.0
OSBP2,3996.0
SMTN,3072.0
LIMK2,3342.5
DRG1,785.0
SFI1,3311.0
DEPDC5,3835.0
FBXO7,1199.0
HMGXB4,2489.5
MCM5,2178.0
RASD2,5253.0
CSF2RB,5759.0
MPST,1671.0
GGA1,2609.0
LGALS1,389.0
TRIOBP,3062.0
EIF3L,289.0
CBY1,1881.0
APOBEC3C,3166.0
SYNGR1,4280.5
MGAT3,5071.0
GRAP2,5891.0
FAM83F,5664.5
TNRC6B,2663.0
ADSL,2824.0
SGSM3,3647.0
MCHR1,5507.0
XPNPEP3,2166.0
L3MBTL2,2504.0
TEF,3928.0
ACO2,1287.5
XRCC6,337.0
SREBF2,2934.5
SERHL2,5560.0
MPPED1,4797.0
SAMM50,1209.0
PARVB,3622.0
UPK3A,4223.5
FAM118A,2718.5
FBLN1,1949.0
ATXN10,1397.0
PPARA,1573.0
TTC38,938.0
TRMU,3492.5
CRELD2,3875.0
PIM3,981.5
MOV10L1,5678.0
MIOX,4801.5
NCAPH2,2785.0
MAPK8IP2,4060.0
ATP6V1E1,559.0
GSC2,6235.0
HIRA,2549.0
TRMT2A,2199.0
PI4KA,3139.0
THAP7,2966.0
SLC7A4,5816.5
YDJC,2916.0
YPEL1,4505.0
TOP3B,2618.0
DRICH1,4850.0
VPREB3,4948.0
GGT5,4460.0
HPS4,3014.5
MN1,4715.0
XBP1,476.0
RASL10A,4932.0
NIPSNAP1,763.0
ZMAT5,2418.0
ASCC2,1197.5
TBC1D10A,3728.0
GAL3ST1,3971.0
PES1,1801.0
PIK3IP1,4105.0
PATZ1,2058.0
PRR14L,1509.5
RTCB,686.0
BPIFC,6197.0
SYN3,5132.5
MB,5763.0
APOL3,4660.0
APOL4,5255.5
APOL2,3260.0
TXN2,2405.0
FOXRED2,1798.0
TST,785.0
IL2RB,4959.0
RAC2,4303.0
MFNG,4507.0
CARD10,2634.5
LGALS2,4444.5
PLA2G6,4091.0
TMEM184B,2382.0
KCNJ4,5444.0
DDX17,324.0
DMC1,4688.0
DNAL4,2508.5
NPTXR,3492.0
CBX7,4124.0
RPL3,69.0
ENTHD1,6429.0
SLC25A17,2951.5
CHADL,4908.5
TOB2,1939.0
PHF5A,704.0
POLR3H,2426.0
PMM1,1987.0
DESI1,957.0
SNU13,396.0
CENPM,3236.0
NAGA,1843.0
RRP7A,1635.0
CYB5R3,545.0
A4GALT,4398.5
RPL5,82.0
PACSIN2,594.0
TTLL1,3734.0
TTLL12,1761.0
SCUBE1,4926.5
EFCAB6,5869.5
WNT7B,4585.0
CDPF1,2929.0
MLC1,5901.0
TUBGCP6,2793.0
MAPK12,3842.0
MAPK11,3939.0
ARSA,3395.5
APOA4,4526.0
APOC3,146.5
ATG4B,1832.0
D2HGDH,2600.5
THAP4,1026.0
CHL1,6079.0
CNTN6,6325.0
ITPR1,3796.0
GRM7,6070.5
BRPF1,2875.0
OGG1,3172.0
IL17RE,3817.0
IL17RC,3145.0
CRELD1,2983.0
VHL,1286.5
SLC6A11,2060.0
ATG7,2694.0
PPARG,1940.0
TSEN2,3660.0
MKRN2,1532.0
HDAC11,3589.0
FBLN2,5518.0
LSM3,1575.0
C3orf20,5475.0
FGD5,5308.5
NR2C2,3169.0
CAPN7,2111.5
EAF1,2326.0
OXNAD1,3139.0
KCNH8,5121.5
RAB5A,1393.0
KAT2B,3222.0
UBE2E2,2019.5
UBE2E1,718.0
NR1D2,3357.0
RARB,4521.0
OXSM,2889.0
ZCWPW2,5258.0
RBMS3,5791.5
STT3B,598.0
GPD1L,2260.0
CMTM7,2709.0
CNOT10,2352.5
TRIM71,2485.0
CCR4,5219.0
FBXL2,4412.0
ARPP21,6074.0
STAC,5382.0
GOLGA4,2064.0
CTDSPL,1800.5
VILL,5403.0
DLEC1,5287.0
SLC22A13,5222.0
SLC22A14,5274.0
MYRIP,5487.5
ENTPD3,5868.0
ZNF619,3792.0
ZNF621,2277.0
RPS27,33.0
ZBTB47,4070.0
KLHL40,6079.5
ZNF662,5421.0
ABHD5,2943.0
TCAIM,3199.0
EXOSC7,2443.0
LARS2,3489.0
LIMD1,3263.0
SACM1L,2931.0
CCR9,5890.0
CXCR6,5237.0
RTP3,5482.0
KLHL18,3707.0
PTPN23,2446.5
DHX30,1395.0
CAMP,5298.5
P4HTM,2748.0
NDUFAF3,1382.0
KLHDC8B,2241.5
DAG1,795.5
APEH,1434.0
RNF123,1852.0
GNAT1,5480.0
LSMEM2,4900.0
TEX264,3346.0
IQCF2,6223.5
PARP3,2776.0
ALAS1,2093.0
GLYCTK,1882.0
PHF7,3965.0
STAB1,4658.0
SMIM4,3393.0
GNL3,1095.5
SPCS1,649.0
IL17RB,1857.0
CACNA2D3,5857.0
APPL1,2828.0
PDE12,3051.0
FLNB,680.5
RPP14,4121.5
PTPRG,4128.0
ATXN7,4799.0
PSMC1,415.0
MITF,5014.0
CADM2,5935.0
EPHA3,4831.0
ARL13B,3905.0
NSUN3,3874.0
EPHA6,5779.0
ARL6,5110.0
CRYBG3,3732.5
GPR15,6060.5
TBC1D23,1536.0
TMEM45A,3198.0
ADGRG7,5330.0
TFG,1075.5
CEP97,4218.0
NXPE3,4594.0
NFKBIZ,2023.0
ALCAM,488.0
CD96,4830.0
PHLDB2,3173.0
GTPBP8,3014.0
SIDT1,5421.0
ATP6V1A,960.0
GRAMD1C,5406.0
ARHGAP31,5765.0
POGLUT1,3442.5
TIMMDC1,1110.0
NR1I2,3706.0
FBXO40,6093.0
EAF2,3985.0
CD86,5356.0
PDIA5,1770.0
UMPS,2092.0
CHCHD6,3501.5
MCM2,1659.0
PODXL2,2471.0
ABTB1,3869.5
GP9,5900.0
COPG1,1420.5
HMCES,1674.5
IFT122,4022.0
COL6A5,6335.0
ATP2C1,2938.0
NEK11,4506.0
DNAJC13,2090.0
TMEM108,6108.0
CDV3,362.0
CEP63,3733.0
PPP2R3A,3324.0
NCK1,2985.0
MRAS,3418.0
ESYT3,4813.0
FAIM,4224.0
MRPS22,2039.0
SLC25A36,2884.0
PXYLP1,4001.5
RASA2,3281.0
RNF7,819.0
GRK7,5872.5
ATP1B3,492.0
TRPC1,3257.0
AGTR1,3066.0
EIF2A,671.5
SUCNR1,5788.0
MBNL1,1679.5
P2RY1,5176.0
MME,5668.0
KCNAB1,5093.0
TIPARP,2401.5
PTX3,5857.0
MLF1,5191.0
SMC4,2606.0
NMD3,1358.0
SEC62,2139.0
GPR160,4422.0
PRKCI,1402.0
FNDC3B,1271.5
ECT2,2494.0
KCNMB2,5334.0
PIK3CA,3105.5
ACTL6A,1687.0
NDUFB5,772.0
USP13,3677.0
TTC14,2313.0
FXR1,2963.0
SOX2,5145.0
B3GNT5,4958.0
KLHL24,3044.0
HTR3C,5727.0
AP2M1,355.0
ABCF3,1731.0
EIF4G1,443.5
VPS8,2456.5
MAP3K13,3210.0
SENP2,2619.0
DNAJB11,2593.5
FETUB,4372.0
HRG,4664.5
KNG1,1631.5
ADIPOQ,5876.0
RTP1,6024.5
TP63,5401.0
IL1RAP,3354.0
CCDC50,2145.0
OPA1,1632.5
HES1,2082.0
NRROS,4795.0
PAK2,1501.0
SENP5,1745.0
FYTTD1,3709.5
RPL35A,176.0
LMLN,4028.0
IL5RA,5772.0
CRBN,2917.0
SSUH2,4361.5
RAD18,2867.5
LHFPL4,5802.0
TADA3,2300.0
PRRT3,4702.0
EMC3,1546.0
SEC13,952.5
ATP2B2,3141.0
TIMP4,3970.0
TMEM40,5755.0
WNT7A,5758.0
SH3BP5,4107.0
METTL6,3081.0
COLQ,4805.0
ANKRD28,3200.0
RFTN1,3899.0
SATB1,3479.0
EFHB,5425.0
ZNF385D,5946.0
NKIRAS1,3534.5
THRB,3492.0
TOP2B,1205.0
NGLY1,2804.0
EOMES,4621.0
CMTM6,1091.0
GLB1,1312.0
UBP1,1959.0
CLASP2,2676.5
EPM2AIP1,3012.0
RPL29,278.0
GORASP1,2756.0
CSRNP1,1818.0
CX3CR1,5468.0
ULK4,3447.0
CCDC13,5057.0
POMGNT2,2342.0
ZDHHC3,2925.0
CDCP1,4339.0
SLC6A20,5374.0
LZTFL1,3931.0
FYCO1,3265.0
CCR1,5640.5
LTF,5580.0
ALS2CL,2990.0
MYL3,4939.0
KIF9,4387.0
SCAP,1066.5
ELP6,1955.0
CSPG5,4640.0
MAP4,698.0
CDC25A,2495.0
NME6,3151.0
PLXNB1,1202.0
CCDC51,3111.0
PFKFB4,3510.0
SLC26A6,1723.0
NCKIPSD,3348.0
IP6K2,1589.5
PRKAR2A,1176.5
DALRD3,2537.5
IMPDH2,423.0
CCDC71,2115.0
USP4,1793.0
GMPPB,2609.5
IP6K1,1527.0
TRAIP,3288.0
CAMKV,4924.0
HYAL1,390.0
HYAL2,2009.0
RASSF1,2898.0
NPRL2,2516.0
TMEM115,1122.0
CACNA2D2,5440.0
C3orf18,3828.0
RRP9,2914.0
PCBP4,3439.0
ABHD14B,1607.0
TLR9,5287.0
NT5DC2,1182.0
PBRM1,1576.0
GLT8D1,2497.5
NEK4,2099.0
RFT1,3436.0
TKT,462.0
CHDH,1815.5
ACTR8,2960.0
IL17RD,4761.5
DNAH12,5692.0
DENND6A,2994.0
PDHB,1515.5
FEZF2,6136.0
CADPS,5900.0
PSMD6,1679.0
LRIG1,3243.5
FOXP1,2340.0
PROK2,5682.0
PDZRN3,5487.5
CNTN3,6205.0
VGLL3,6180.0
POU1F1,6431.0
CGGBP1,1544.0
FILIP1L,2808.0
ZBTB11,2803.0
CBLB,3228.0
CD47,3511.0
RETNLB,5807.0
BTLA,5738.0
CD200R1,5748.5
CFAP44,4220.0
ZNF80,5721.0
ZBTB20,2544.0
RABL3,2546.0
HCLS1,4549.0
IQCB1,2067.0
WDR5B,3377.0
PARP9,2998.0
HACD2,600.0
CCDC14,2123.0
ZNF148,1435.0
SNX4,2516.0
SLC41A3,2505.5
ALDH1L1,4478.0
ZXDC,2850.5
UROC1,5170.0
MGLL,2209.5
GATA2,4580.0
ASTE1,3744.0
TOPBP1,2255.0
RAB6B,4293.0
SLCO2A1,4892.5
MSL2,2687.5
A4GNT,5888.0
DBR1,3134.0
PIK3CB,1353.0
COPB2,694.0
RBP1,3525.5
GK5,3117.0
XRN1,2433.0
ATR,2887.0
PCOLCE2,3054.0
SLC9A9,4894.0
PLSCR4,3858.0
PLSCR2,5648.0
PLSCR1,2741.0
ZIC4,6010.0
HLTF,2841.0
CP,663.0
TM4SF18,4915.0
WWTR1,2881.0
PFN2,946.0
SIAH2,1259.0
CLRN1,6072.0
P2RY13,5816.5
P2RY12,6110.5
IGSF10,5548.0
KIAA1328,4356.0
PLCH1,4975.5
SSR3,674.0
VEPH1,5677.5
SHOX2,5313.0
RARRES1,4694.0
IFT80,3980.5
B3GALNT1,4359.0
SPTSSB,5248.0
SI,5998.0
SLITRK3,5964.0
BCHE,5293.0
ZBBX,5875.5
SERPINI2,6350.0
WDR49,5638.0
PDCD10,2150.0
GOLIM4,1353.5
LRRC31,4819.0
SLC7A14,5739.0
TNIK,3877.5
GHSR,5844.0
TNFSF10,4227.0
TBL1XR1,1995.0
ZMAT3,2770.0
PEX5L,5671.0
DCUN1D1,2807.5
LAMP3,4700.5
KLHL6,5463.0
PARL,950.0
ALG3,973.0
CAMK2N2,3878.5
CLCN2,4123.0
C3orf70,4763.5
EHHADH,1945.0
TRA2B,1476.0
ETV5,1839.5
RPL39L,3803.5
BCL6,1884.0
P3H2,4544.0
CLDN1,859.0
UTS2B,5070.0
ACAP2,1878.5
TNK2,3061.0
TFRC,570.0
PCYT1A,3144.0
PIGZ,2057.0
DLG1,2360.0
PIGG,2752.5
TMEM175,3406.0
FGFRL1,1651.5
MAEA,1887.0
UVSSA,3226.0
FGFR3,637.0
SH3BP2,4228.0
ADD1,1485.0
GRK4,4680.0
HTT,2597.0
RGS12,3358.0
HGFAC,4309.0
MSX1,3894.0
WFS1,1755.5
MAN2B2,2173.0
S100P,941.0
BLOC1S4,2497.5
KIAA0232,3378.0
SH3TC1,2976.0
HTRA3,5410.0
CPEB2,3263.0
CC2D2A,4477.5
BST1,5024.0
CD38,4735.0
PACRGL,3457.5
SOD3,4404.0
ANAPC4,1969.0
SLC34A2,5392.0
RBPJ,2853.5
PCDH7,5791.0
C4orf19,3687.0
PGM2,2083.0
KLF3,1390.0
FAM114A1,1519.0
KLB,2655.5
LIAS,3191.0
UBE2K,1112.0
CHRNA9,6261.5
UCHL1,1816.5
LIMCH1,4133.5
TMEM33,2041.0
SLC30A9,1953.0
GUF1,2754.5
NIPAL1,3734.5
ZAR1,5906.5
OCIAD1,1378.5
RASL11B,5104.0
FIP1L1,2237.0
SRD5A3,3844.0
TMEM165,2192.0
EXOC1,2280.0
ARL9,5617.0
STAP1,6073.0
CSN1S1,6342.0
ODAM,4601.0
CSN3,6255.5
CABS1,6247.0
ENAM,5869.0
RUFY3,3033.0
DCK,2957.0
SLC4A4,3042.0
AFP,2352.5
AFM,4915.0
CXCL8,3118.0
PF4V1,6247.0
CXCL1,4469.0
EREG,5039.0
PARM1,4470.5
THAP6,3837.0
USO1,1348.0
SHROOM3,3923.0
MRPL1,2696.0
MRPS18C,3654.0
CDS1,2485.0
ARHGAP24,5129.0
PTPN13,4981.0
DMP1,6255.5
IBSP,5504.5
SPP1,2552.5
PKD2,3597.0
HERC6,4023.5
TIGD2,2714.0
GRID2,6014.0
ATOH1,5793.5
SMARCAD1,3502.0
PDLIM5,662.0
PDHA2,6152.0
C4orf17,6216.0
DAPP1,4742.0
BANK1,5629.0
CISD2,2074.0
ARHGEF38,5214.0
NPNT,4481.0
CYP2U1,4932.0
HADH,3365.0
GAR1,1907.5
ENPEP,4873.0
AP1AR,3272.0
LARP7,2802.5
ANK2,4428.0
NDST3,6057.0
METTL14,3392.0
MYOZ2,6069.0
USP53,3477.0
BBS12,4725.0
SPRY1,2279.0
FAT4,4299.0
HSPA4L,3527.0
C4orf33,4316.5
PCDH10,5958.0
NOCT,3290.0
NAA15,2297.5
IL15,4677.0
USP38,3422.0
GAB1,3441.5
HHIP,5857.0
ABCE1,1180.0
POU4F2,6193.0
MAB21L2,5013.0
ARFIP1,2086.5
TLR2,5187.5
LRAT,5301.0
GLRB,5525.5
GRIA2,6069.0
TMEM144,4176.0
RXFP1,6323.0
NPY5R,6193.0
KLHL2,3941.0
MSMO1,246.0
PALLD,3188.0
CLCN3,1751.5
SAP30,2679.0
ADAM29,6143.5
WDR17,5592.0
EPCAM,2162.0
CDKN2AIP,3345.0
ING2,3513.0
TRAPPC11,2409.0
TLR3,4708.0
FAM149A,5195.0
KLKB1,4986.0
F11,3230.0
GAK,1388.0
RNF212,5719.0
SLBP,996.0
TMEM129,3271.5
LETM1,2291.0
MXD4,1577.0
ZFYVE28,4545.0
TMEM128,3319.0
STX18,2987.0
CYTL1,6148.5
EVC2,5920.5
CRMP1,5521.0
PPP2R2C,4933.0
MRFAP1L1,926.0
CCDC96,4739.0
PSAPL1,5152.0
AFAP1,2248.0
SLC2A9,3234.0
WDR1,915.0
ZNF518B,5751.0
RAB28,2364.0
FBXL5,786.0
FGFBP2,6318.5
LDB2,5167.0
QDPR,2493.0
FAM184B,5125.0
DCAF16,2272.0
LCORL,3824.5
DHX15,887.0
CCDC149,4625.0
ARAP2,4390.0
RELL1,3803.0
TLR10,5676.5
TLR1,5920.5
TLR6,4857.5
TMEM156,3818.0
RFC1,2284.0
RBM47,2548.0
APBB2,2410.5
PHOX2B,6078.0
ATP8A1,4101.0
GABRA2,5465.0
COX7B2,5986.5
GABRA4,6205.0
CORIN,5609.0
TXK,5707.0
OCIAD2,4795.5
SGCB,3696.5
SCFD2,2648.0
CHIC2,1873.5
KDR,5735.0
AASDH,3032.0
HOPX,6079.5
IGFBP7,3135.0
TECRL,6395.0
EPHA5,5819.0
TMPRSS11B,6148.5
UGT2B4,3615.0
GC,1731.5
ADAMTS3,5873.0
COX18,3658.5
ANKRD17,1025.5
RASSF6,4488.0
PF4,6074.0
BTC,5461.0
CDKL2,5830.5
G3BP2,1275.0
SDAD1,1358.0
CXCL9,6165.0
SCARB2,1587.5
CCDC158,6070.5
CCNI,351.0
RASGEF1B,5764.5
HNRNPD,450.0
SCD5,3826.0
LIN54,3629.5
COQ2,2944.0
WDFY3,2512.0
MAPK10,5790.5
C4orf36,5623.0
KLHL8,2222.0
SPARCL1,4874.0
ABCG2,3643.0
PPM1K,3669.0
NAP1L5,4509.0
GPRIN3,3674.5
SNCA,5343.5
HPGDS,6054.0
ADH1B,5561.0
LAMTOR3,2510.0
DNAJB14,3062.0
DDIT4L,5273.0
PPP3CA,2599.0
BDH2,4018.0
TACR3,5610.0
CXXC4,5049.0
PPA2,3572.5
DKK2,6143.5
LEF1,5026.0
COL25A1,6072.0
CFI,1545.0
PITX2,5423.0
TIFA,3781.0
NEUROG2,5830.5
ZGRF1,4146.0
CAMK2D,2309.0
PRSS12,5105.5
SEC24D,2968.0
FABP2,5999.5
PDE5A,4052.0
MAD2L1,2780.0
PRDM5,6039.5
NDNF,5830.5
QRFPR,5651.0
BBS7,3106.0
TRPC3,6274.0
NUDT6,3877.5
SCLT1,4136.0
PCDH18,5887.5
SLC7A11,2466.0
ELF2,3061.5
MGARP,5245.0
NDUFC1,1239.0
SETD7,2669.5
RNF150,5272.0
INPP4B,5180.0
GYPE,6070.0
ZNF827,2463.0
TTC29,6255.5
NR3C2,4782.5
FBXW7,3478.0
TMEM154,5367.0
PLRG1,2007.0
PDGFC,4210.0
C4orf46,3675.0
FSTL5,5856.0
TKTL2,6395.0
SPOCK3,6429.0
CBR4,3268.0
SH3RF1,3330.0
FBXO8,3641.0
HPGD,4236.0
SPATA4,5508.0
ASB5,6247.0
IRF2,1739.0
CASP3,3555.0
CENPU,3457.5
ACSL1,3902.0
PDLIM3,4141.5
SORBS2,4028.0
MTNR1A,5875.0
TRIML2,5941.0
PLEKHG4B,5427.0
SDHA,894.0
EXOC3,2616.0
SRD5A1,2337.5
ADCY2,5760.0
MTRR,2980.0
CCT5,583.5
OTULIN,2157.5
FBXL7,5782.0
BASP1,3290.0
SUB1,2131.0
NPR3,4748.0
BRIX1,1293.0
DNAJC21,2179.5
SPEF2,5181.0
IL7R,4795.0
SKP2,1744.0
SLC1A3,4742.5
NIPBL,2953.5
WDR70,2434.0
EGFLAM,4540.0
PTGER4,4379.5
FBXO4,3454.0
ZNF131,3316.0
NNT,1736.0
FST,1084.5
HSPB3,5830.5
SNX18,2565.5
GZMK,5775.0
GPX8,4319.0
IL31RA,5592.0
RPL41,46.0
GPBP1,1647.5
GAPT,6072.0
RAB3C,5387.5
RGS7BP,6143.5
PPWD1,2560.5
TRAPPC13,3718.0
NLN,2866.0
SREK1,3076.0
MAST4,4514.0
PIK3R1,3769.5
SLC30A5,1946.5
CCNB1,982.0
MAP1B,2667.0
TNPO1,1743.0
FCHO2,3226.5
TMEM174,6148.5
BTF3,258.0
ARHGEF28,3977.0
HMGCR,1769.0
SV2C,5965.0
IQGAP2,2203.0
F2RL1,2759.0
S100Z,6215.0
AGGF1,2017.0
SCAMP1,2182.0
BHMT2,1596.0
JMY,2426.0
SPZ1,6378.5
ZFYVE16,2993.0
MSH3,2374.0
CKMT2,5381.0
ZCCHC9,2349.0
ATG10,3908.0
COX7C,247.0
SLF1,4020.0
FAM81B,6101.0
RFESD,4741.0
CAST,2113.0
LNPEP,2852.0
RGMB,2962.0
PPIP5K2,3641.0
TSLP,4918.0
APC,3895.0
SRP19,1918.0
YTHDC2,2144.0
KCNN2,5616.0
AP3S1,880.0
LVRN,5242.0
PRR16,5404.0
SNCAIP,4054.5
SNX2,2911.5
CSNK1G3,2290.0
PHAX,2293.0
TEX43,6394.5
LMNB1,2234.0
MEGF10,5407.0
PRRC1,1595.0
SLC12A2,2237.0
SLC27A6,6440.5
ADAMTS19,6271.0
CHSY3,4574.0
LYRM7,3862.0
CDC42SE2,1851.0
SLC22A4,4611.0
RAD50,3443.0
IL13,5927.0
IL4,6148.5
SOWAHA,4582.5
HSPA4,614.0
TCF7,4177.0
UBE2B,2256.0
JADE2,3407.5
DDX46,2072.0
C5orf24,1932.0
CATSPER3,4652.0
PKD2L2,6193.0
WNT8A,5830.5
KIF20A,2122.0
KDM3B,2188.0
EGR1,1740.0
CTNNA1,635.0
PAIP2,1099.0
PURA,3053.0
SLC35A4,1213.0
WDR55,2633.0
HARS2,1782.0
ZMAT2,1108.0
PCDHB3,5339.5
PCDHB4,5144.0
PCDHB5,4872.0
PCDHB7,6009.5
PCDHB9,4288.5
PCDHB11,4840.0
PCDHB13,4885.0
RELL2,4543.0
RNF14,2839.0
NDFIP1,1273.0
SH3RF2,3083.0
RBM27,2139.0
TCERG1,1738.0
SPINK6,6143.5
FBXO38,1746.0
AFAP1L1,3806.5
GRPEL2,2352.0
SLC26A2,3953.0
TCOF1,1938.0
SYNPO,4585.0
GPX3,187.0
G3BP1,1689.5
GALNT10,3015.5
SGCD,5891.0
LSM11,2722.0
GABRG2,5920.5
CCNG1,1143.0
HMMR,2390.0
WWC1,3677.0
SPDL1,3353.0
FGF18,4903.0
ATP6V0E1,213.5
CREBRF,3249.0
BNIP1,2587.0
CPEB4,2144.0
SFXN1,1395.0
HRH2,5896.5
HIGD2A,418.0
CDHR2,3611.0
TSPAN17,2290.0
ZNF346,3072.0
FGFR4,2256.0
NSD1,2704.5
PRELID1,1197.0
SLC34A1,5529.0
GRK6,2008.0
PRR7,4711.0
TMED9,675.0
B4GALT7,2321.0
SUDS3,3160.0
N4BP3,4952.5
RMND5B,2871.0
ZNF354B,4509.0
ZNF354C,5543.0
BTNL3,5811.0
BTNL9,4956.0
TRIM41,3278.0
CCDC127,2792.0
IRX4,6247.0
NSUN2,1768.0
SEMA5A,5830.5
DNAH5,4764.0
ANKH,3398.0
ZNF622,1732.5
CDH18,5840.0
CDH10,5756.0
MTMR12,2538.0
RAD1,1768.0
CAPSL,6169.5
LMBRD2,2478.0
NADK2,1850.5
NUP155,499.0
GDNF,5307.0
DAB2,1289.5
MROH2B,6070.5
PLCXD3,5522.0
ANXA2R,3807.0
CCL28,4486.5
HMGCS1,934.0
C5orf34,4063.0
PAIP1,1115.0
MOCS2,1806.0
IL6ST,1170.5
MIER3,2170.0
PLK2,4604.0
PDE4D,3541.0
DEPDC1B,2752.0
ERCC8,3837.0
DIMT1,1832.0
CKS1B,911.0
ISCA1,1944.0
SGTB,3879.0
CD180,4622.0
GFM2,2389.0
POC5,3467.5
RAP1B,3453.0
ZBED3,3937.5
WDR41,3221.5
OTP,5814.0
TBCA,220.0
AP3B1,1241.0
LHFPL2,3067.5
ARSB,4396.0
ACOT12,5016.0
RPS23,788.0
CCNH,2347.0
MEF2C,5569.0
LYSMD3,3559.0
FAM172A,3360.0
KIAA0825,4869.0
MCTP1,4565.0
SPATA9,5896.5
GLRX,1270.0
PCSK1,5911.0
ERAP1,2470.0
LIX1,5857.0
ST8SIA4,5357.0
SLCO6A1,5857.0
GIN1,4112.0
NUDT12,4148.0
PJA2,1506.0
NREP,1096.0
TRIM36,4715.0
FEM1C,3346.0
CDO1,2877.0
ATG12,1876.0
DTWD2,3113.0
LOX,3206.0
FNIP1,2189.0
IRF1,4280.0
IL5,5830.5
C5orf15,967.0
CDKL3,4308.0
CDKN2AIPNL,1390.0
CXCL14,5272.0
TRPC7,6125.5
FAM13B,2567.0
CDC25C,3177.0
HSPA9,253.0
SIL1,1809.0
NRG2,5210.0
PFDN1,1547.0
APBB3,3715.0
CD14,5131.0
NDUFA2,688.0
DIAPH1,803.0
PRELID2,3451.0
PPP2R2B,4334.0
JAKMIP2,5588.5
SPINK1,2834.5
C5orf46,5559.0
HTR4,5930.0
IL17B,5603.0
CSNK1A1,1530.0
PDE6A,5589.5
CAMK2A,5715.0
CD74,3942.0
RPS14,102.5
RBM22,1174.0
ZNF300,4116.0
ANXA6,1606.0
SPARC,3643.0
FAXDC2,2339.5
GEMIN5,1184.0
HAVCR1,4007.0
HAVCR2,4977.0
MED7,2849.5
EBF1,5422.0
SLU7,2599.0
GABRB2,6016.0
NUDCD2,3937.0
KCNMB1,5588.0
FBXW11,1037.0
STK10,2970.0
SH3PXD2B,3490.0
STC2,2826.0
DRD1,6324.5
KIAA1191,918.0
HK3,5641.0
UIMC1,2199.0
RAB24,2000.0
LMAN2,1765.5
PDLIM7,2355.5
PHYKPL,2285.0
CLK4,4267.0
RNF130,3366.0
RASGEF1C,5863.0
GFPT2,5292.0
FLT4,5126.0
TRIM7,5230.0
DUSP22,3127.5
WRNIP1,1953.0
NQO2,2060.5
PRPF4B,2091.5
CDYL,2254.0
FARS2,2422.5
RREB1,1442.5
RIOK1,2801.0
SNRNP48,1355.0
SYCP2L,5181.5
HIVEP1,2949.0
EDN1,3199.5
CD83,4101.0
RBM24,4118.5
KDM1B,2969.0
ID4,4791.5
E2F3,3097.0
CDKAL1,1992.0
KAAG1,5311.0
MRS2,2040.0
ALDH5A1,2208.0
ACOT13,1906.0
GMNN,1667.0
TRIM38,3256.5
HFE,4415.0
BTN3A1,4077.5
HMGN4,2600.5
ABT1,3244.0
PRSS16,5303.0
ZNF165,3654.0
ZSCAN16,3300.0
ZKSCAN8,3266.0
NKAPL,5830.5
PACSIN1,5037.5
ANKS1A,2363.5
PPARD,3173.0
ARMC12,4956.0
MAPK14,1043.5
MAPK13,2604.0
BRPF3,2333.0
PNPLA1,5732.0
SRSF3,975.0
CDKN1A,808.5
C6orf89,1703.5
FGD2,3135.0
TBC1D22B,2686.5
RNF8,3911.0
CMTR1,1690.5
GLP1R,5642.0
DAAM2,5092.0
APOBEC2,5608.5
NFYA,2159.0
FOXP4,2057.0
MDFI,5478.5
BYSL,1737.0
PTCRA,5830.5
CNPY3,2124.0
PPP2R5D,1673.5
KLHDC3,598.0
RRP36,838.0
KLC4,2305.0
PTK7,4634.0
TTBK1,5034.0
SLC22A7,4750.0
ABCC10,3457.5
MAD2L1BP,1584.0
VEGFA,1716.5
TMEM63B,2195.0
SLC29A1,2628.5
HSP90AB1,73.0
CDC5L,1575.0
RUNX2,4216.0
TDRD6,5655.5
MEP1A,4689.0
CD2AP,1629.0
FBXO9,1568.0
MLIP,5794.0
FAM83B,5770.0
ZNF451,3007.0
PRIM2,2864.0
FKBP1A,311.0
PHF3,1689.0
ADGRB3,5905.0
OGFRL1,2863.0
RIMS1,5983.0
DDX43,5702.5
MTO1,1998.0
SH3BGRL2,1786.0
RWDD2A,3079.5
PRSS35,5351.0
NT5E,2996.0
C6orf163,4657.0
SLC35A1,2734.5
PM20D2,2154.5
ANKRD6,4529.0
UFL1,1866.0
KLHL32,5743.5
GRIK2,5272.0
PRDM1,4611.5
QRSL1,3097.0
NR2E1,5816.5
FOXO3,2245.5
ARMC2,5261.0
AMD1,1380.0
GTF3C6,1143.0
FAM229B,4501.0
NT5DC1,2227.5
RSPH4A,4892.5
PKIB,2197.5
FABP7,6072.0
CLVS2,5952.5
NKAIN2,5886.0
RNF217,4429.0
TPD52L1,2677.0
NCOA7,2512.5
HINT3,1951.0
TRMT11,1660.0
AKAP7,2872.5
ARG1,3940.0
EYA4,4546.0
PEX7,3576.0
SLC35D3,5857.0
HEBP2,2296.5
HECA,4024.0
AIG1,1475.0
LTV1,1628.5
ZC2HC1B,6219.0
STX11,4992.0
UTRN,1287.0
GRM1,6176.0
RAB32,1656.0
STXBP5,3861.0
SAMD5,5401.0
SASH1,2673.0
UST,5480.0
TAB2,2120.0
ULBP2,4621.5
AKAP12,2739.0
OPRM1,6277.0
CLDN20,5601.0
SYNJ2,2906.5
TULP4,1722.0
ACAT2,1938.5
MRPL18,1581.5
SLC22A1,4517.0
PLG,3438.0
MAP3K4,1718.0
QKI,2258.0
CCR6,3315.0
TTLL2,6065.0
SMOC2,5312.0
C6orf120,2092.5
EXOC2,1703.0
HUS1B,4545.0
GMDS,1325.0
MYLK4,5373.0
SERPINB1,1367.0
SERPINB9,1524.0
TUBB2A,2956.0
SLC22A23,2934.0
FAM217A,6325.0
ECI2,2463.0
SSR1,1339.0
TFAP2A,4868.5
MAK,5676.5
NEDD9,3266.0
DTNBP1,3629.0
ATXN1,2729.0
KIF13A,2908.0
TPMT,1806.0
DEK,1348.0
MBOAT1,4529.0
DCDC2,2818.0
KIAA0319,5152.0
TDP2,2125.0
SLC17A1,4643.0
SLC17A2,3038.5
ZKSCAN4,3786.5
ZSCAN12,4571.5
ZSCAN23,5725.0
IP6K3,4645.0
GRM4,5607.5
SPDEF,4799.0
TCP11,6072.0
TEAD3,2329.5
SRPK1,1249.0
ETV7,5539.5
STK38,1112.0
CPNE5,5176.0
MTCH1,1213.0
TMEM217,5168.0
CCDC167,1940.0
MDGA1,4708.0
BTBD9,4499.0
GLO1,214.0
SAYSD1,3306.5
KCNK17,5920.5
MOCS1,3047.0
LRFN2,5920.5
OARD1,3548.0
TFEB,4655.5
PGC,4263.5
GUCA1B,4676.0
TRERF1,4213.0
PRPH2,5327.0
PEX6,2687.0
MRPL2,2694.0
DNPH1,865.0
CRIP3,4680.0
ZNF318,3149.5
MRPL14,516.0
SLC35B2,1194.0
NFKBIE,3065.5
TCTE1,5612.0
AARS2,2193.0
RCAN2,5282.0
PLA2G7,4341.5
ADGRF1,5570.5
PTCHD4,4004.0
CRISP2,6247.0
PGK2,5900.0
WTAP,1729.0
PKHD1,5497.0
IL17F,6228.0
MCM3,1272.0
GSTA3,6074.0
ELOVL5,850.0
KLHL31,5367.0
HMGCLL1,6179.0
BMP5,6062.0
COL21A1,5668.0
DST,2962.0
LGSN,4094.5
COL9A1,5830.5
SLC17A5,1232.5
COL12A1,5021.0
COX7A2,379.0
TMEM30A,2251.5
PHIP,1682.5
HMGN3,2020.5
LCA5,4831.0
ELOVL4,4531.0
PGM3,2246.0
ME1,2527.0
SNAP91,6172.0
TBX18,5425.0
SYNCRIP,914.0
CGA,5861.0
RARS2,1237.0
AKIRIN2,1345.0
CNR1,5571.0
RNGTT,2478.5
RRAGD,3897.5
MAP3K7,2821.0
EPHA7,6180.5
PNISR,1671.0
USP45,3999.0
SIM1,5702.0
ASCC3,2376.0
HACE1,4061.0
BVES,4212.0
POPDC3,5013.0
PREP,3289.0
ATG5,3217.0
SCML4,5489.0
SEC63,1781.5
CD164,849.0
MICAL1,3229.0
AK9,4660.0
DDO,4878.0
REV3L,1991.0
TRAF3IP2,3771.0
FYN,2829.5
TUBE1,3939.0
LAMA4,3736.0
HDAC2,1645.0
GOPC,2147.0
CEP85L,4703.0
FAM184A,3527.0
MAN1A1,2616.0
SERINC1,690.0
ARHGAP18,2454.0
SAMD3,5932.0
MED23,1760.0
VNN1,3708.5
VNN2,3990.5
HBS1L,2692.0
AHI1,4134.0
MTFR2,2548.5
BCLAF1,1544.0
IL20RA,5007.0
IL22RA2,6274.0
IFNGR1,1806.0
REPS1,3407.0
TXLNB,5823.0
HIVEP2,3596.0
ADAT2,3753.0
EPM2A,5195.0
FBXO30,3356.0
SHPRH,3448.0
NUP43,1318.0
LRP11,3351.0
RAET1E,5652.5
ZBTB2,2786.5
SYNE1,4433.0
IPCEF1,5211.0
TFB1M,1788.0
RSPH3,3443.0
TAGAP,5546.0
TCP1,438.0
SLC22A2,6038.0
LPA,5570.0
AGPAT4,4607.0
PRR18,5331.0
SFT2D1,2646.0
DACT2,3915.0
PHF10,2683.0
PDCD2,1651.0
TMEM242,4185.5
CYP2W1,4963.0
GPER1,2789.0
NUDT1,3490.0
EIF3B,680.5
SDK1,5324.0
FOXK1,2302.0
WIPI2,2958.0
SLC29A4,2356.0
USP42,1826.5
ZDHHC4,3257.0
C1GALT1,3010.0
MIOS,2452.0
TMEM106B,3117.0
BZW2,912.0
TSPAN13,1326.5
SP4,3505.5
DNAH11,5272.0
IL6,5457.0
KLHL7,3520.0
GPNMB,4842.0
NFE2L3,3603.0
CBX3,2301.0
EVX1,5702.5
CREB5,4534.0
WIPF3,4091.0
ZNRF2,2933.0
FKBP9,1399.5
BBS9,4265.0
BMPER,5678.0
ANLN,1305.0
STARD3NL,2598.0
CDK13,2244.0
MRPL32,2436.0
HECW1,5311.0
AEBP1,4578.0
ZMIZ2,2374.5
PPIA,895.0
CCM2,3830.0
IGFBP1,2826.5
IKZF1,4932.0
EGFR,1013.0
MRPS17,2545.0
SUMF2,329.0
ZNF273,3319.0
ZNF92,3569.0
ASL,1188.5
CRCP,893.0
TPST1,2781.0
FZD9,4595.5
CLDN4,4085.0
ELN,4782.0
LIMK1,3340.0
CLIP2,2371.0
GTF2IRD1,2295.0
RHBDD2,732.5
MDH2,200.0
CCDC146,4482.0
PTPN12,2070.0
GNAI1,3107.0
CD36,4145.0
GRM3,5806.0
CROT,2208.5
ADAM22,4717.5
ZNF804B,6129.0
STEAP2,3474.0
CFAP69,4647.0
CLDN12,2356.0
CDK14,3124.0
AKAP9,3346.0
ANKIB1,1844.0
GATAD1,2595.0
RBM48,3721.5
VPS50,3170.0
CASD1,3096.0
ASB4,5090.0
TAC1,6274.0
LMTK2,2897.0
BRI3,1072.0
CPSF4,1110.0
ZKSCAN5,3307.5
ZNF655,2525.0
CYP3A43,5020.0
CNPY4,3256.0
MBLAC1,4085.0
LAMTOR4,1131.5
STAG3,4476.0
PILRA,4918.5
NYAP1,5043.0
AGFG2,2038.0
FBXO24,4848.0
PCOLCE,2828.0
EPO,5017.0
TRIP6,1336.0
MUC17,5760.0
TRIM56,2768.0
SERPINE1,2590.5
AP1S1,1854.0
COL26A1,3875.0
ORAI2,4222.0
LRRC17,5078.5
PSMC2,765.0
KMT2E,1250.5
RINT1,1895.5
CBLL1,1451.5
DNAJB9,1511.5
LRRN3,5857.0
ZNF277,2355.0
LSMEM1,4449.0
FOXP2,4855.0
TES,1460.0
CAV2,1806.5
MET,1069.0
CAPZA2,441.0
ANKRD7,5755.0
ING3,3252.0
HYAL4,5584.5
FSCN3,5599.0
SND1,613.0
CALU,387.0
CCDC136,4800.0
FLNC,3877.0
IRF5,4202.0
AHCYL2,3216.0
NRF1,3598.0
CPA2,6033.0
CPA4,4722.0
CPA5,5971.0
MEST,3857.0
EXOC4,1918.0
TMEM140,2009.0
TRIM24,2586.0
TBXAS1,4524.0
NDUFB2,1263.5
TAS2R3,4831.5
TAS2R4,4939.0
TAS2R5,3724.0
GSTK1,943.0
CASP2,1100.0
CLCN1,6059.5
CUL1,2202.0
LRRC61,2366.0
REPIN1,1246.0
GIMAP7,5162.0
NOS3,4492.0
AGAP3,3383.0
HTR5A,6148.5
EN2,5919.0
PDGFA,3166.0
PRKAR1B,3711.0
C7orf50,1638.0
ZFAND2A,573.0
MICALL2,3609.0
TMEM184A,3478.0
MAD1L1,2988.0
SNX8,2290.0
GNA12,1164.0
FBXL18,3231.0
EIF2AK1,612.0
CYTH3,3520.0
ZNF12,3828.0
COL28A1,5035.0
RPA3,3227.0
ICA1,4961.5
VWDE,5324.0
DGKB,5456.0
AGR3,5521.5
MACC1,5634.5
SP8,5096.0
CDCA7L,2217.5
RAPGEF5,2773.0
OSBPL3,2583.5
CYCS,991.0
HNRNPA2B1,905.0
HOXA1,4611.0
HOXA3,3643.0
HOXA4,4439.0
HOXA6,4421.0
HOXA11,5271.0
HIBADH,1098.0
CPVL,1903.5
FKBP14,1918.0
HERPUD2,2140.0
VPS41,1960.5
RWDD4,3861.0
C7orf25,3418.0
COA1,1289.0
CAMK2B,5243.0
NUDCD3,1587.0
DDX56,601.0
IGFBP3,2112.0
TNS3,818.0
PKD1L1,4512.5
FIGNL1,2287.0
GRB10,2514.0
SEC61G,583.0
PSPH,879.0
PHKG1,5185.0
CHCHD2,1078.5
ZNF680,3190.0
GUSB,1304.5
TRIM50,5479.0
BAZ1B,1067.0
BCL7B,1453.0
TBL2,2568.0
HIP1,2922.5
CCL26,5240.0
YWHAG,2045.5
SSC4D,4847.0
GSAP,4459.0
TMEM60,2173.0
SEMA3C,5369.0
HGF,4911.0
SEMA3A,3398.0
TMEM243,3227.0
ABCB4,3773.0
STEAP4,5398.0
LRRD1,5990.0
KRIT1,3663.0
PEX1,3040.0
CDK6,2849.0
HEPACAM2,5852.0
TFPI2,5269.0
BET1,3237.5
PON1,2839.0
BAIAP2L1,759.0
TMEM130,5912.0
PDAP1,2147.0
ZNF394,3086.0
CYP3A5,2467.0
TRIM4,2158.5
ZNF3,1889.0
MCM7,623.0
GPC2,4658.0
TFR2,1711.0
ACTL6B,5830.5
GIGYF1,2449.0
ACHE,4584.0
MOGAT3,3172.0
PLOD3,601.0
ALKBH4,2909.0
POLR2J,1605.0
DNAJC2,2973.0
RELN,4722.0
ORC5,1227.0
SRPK2,1380.0
THAP5,2712.0
PPP1R3A,6247.0
TFEC,5753.0
ASZ1,6366.0
TSPAN12,2719.0
AASS,3339.0
CADPS2,3396.0
RNF133,5577.0
SLC13A1,6167.0
NDUFA5,3140.0
WASL,1176.0
POT1,3461.0
GRM8,5751.5
RBM28,2202.0
IMPDH1,2679.5
TNPO3,1082.0
CEP41,3842.0
PODXL,1456.0
PLXNA4,5487.0
CHCHD3,1969.0
SLC35B4,2263.5
WDR91,3244.0
SLC13A4,5230.0
PTN,5530.0
DGKI,5932.0
CREB3L2,1131.5
ATP6V0A4,5746.0
ZC3HAV1,1600.0
PARP12,1633.0
MKRN1,1033.0
TPK1,4545.0
EZH2,2107.0
PDIA4,554.0
ZNF786,2954.0
ZNF777,3138.5
GIMAP6,5871.5
TMEM176B,1594.0
FASTK,1649.0
CRYGN,5859.0
XRCC2,3410.0
CNPY1,6179.5
SHH,3127.5
LMBR1,3013.0
MNX1,4234.0
ESYT2,903.0
VIPR2,5610.0
ZNF596,5254.0
ERI1,3499.0
MSRA,3512.0
PRSS55,6143.5
C8orf48,5234.0
TUSC3,4829.0
ZDHHC2,3694.0
VPS37A,2733.0
SLC7A2,1803.5
PDGFRL,3051.0
PCM1,2469.5
NAT1,4428.5
NAT2,5421.0
SH2D4A,2108.0
ATP6V1B2,843.5
XPO7,2504.0
FGF17,4979.5
DMTN,2433.0
BMP1,2868.0
POLR3D,3407.0
PPP3CC,3559.5
SORBS3,3290.0
PDLIM2,4783.0
C8orf58,3737.0
CCAR2,1324.0
RHOBTB2,4160.0
CHMP7,2906.0
SLC25A37,4205.0
NEFM,5830.5
DOCK5,2342.0
PPP2R2A,1934.5
BNIP3L,1369.0
PTK2B,3964.0
ESCO2,4329.0
ELP3,2600.5
EXTL3,3556.5
LEPROTL1,1601.0
DCTN6,1862.0
RBPMS,1195.0
WRN,3037.0
NRG1,4752.0
ZNF703,3236.0
ERLIN2,2733.0
EIF4EBP1,1327.0
BAG4,1336.5
DDHD2,2414.0
TACC1,1385.0
GOLGA7,3130.0
IKBKB,3521.0
POLB,1561.0
HOOK3,2919.5
FNTA,2180.0
MCM4,2258.5
RGS20,4869.5
TGS1,2986.0
CHCHD7,3464.0
FAM110B,3760.0
SDCBP,779.0
RAB2A,1473.0
CLVS1,5900.0
MTFR1,2385.0
TRIM55,5087.0
RRS1,2374.0
ADHFE1,3064.0
MCMDC2,4401.0
CSPP1,4144.0
SULF1,5360.0
TERF1,4321.0
RDH10,2630.5
TMEM70,3321.0
LY96,3880.0
GDAP1,4450.0
PI15,4971.0
CRISPLD1,5013.0
HNF4G,3476.0
PKIA,4961.0
ZC2HC1A,3016.0
STMN2,5857.0
CHMP4C,3787.0
LRRCC1,4180.0
E2F5,3583.0
CA2,1129.0
WWP1,873.0
RIPK2,2565.0
OSGIN2,3064.0
DECR1,1373.5
OTUD6B,3353.0
PDP1,3786.0
ESRP1,5426.0
PLEKHF2,2315.5
MTDH,1578.0
ERICH5,4407.0
POP1,3752.0
KCNS2,5863.0
OSR2,4114.0
VPS13B,2559.0
SPAG1,3646.5
ATP6V1C1,1823.0
BAALC,5808.5
FZD6,3847.0
CTHRC1,3809.5
DCAF13,2696.0
EMC2,3345.0
ENY2,1839.0
EBAG9,1809.5
COLEC10,5135.0
ZHX2,2006.0
TBC1D31,3494.0
FAM83A,5147.0
FAM91A1,2225.0
NDUFB9,940.0
SQLE,1445.5
NSMCE2,1532.0
MYC,1244.0
EFR3A,1020.0
PHF20L1,3281.5
CHRAC1,1718.0
DENND3,4152.0
ADGRB1,5665.0
THEM6,1179.0
GRINA,729.0
CYC1,659.0
MAF1,728.0
HGH1,4816.0
KIFC2,3080.5
PPP1R16A,1755.0
LRRC14,2178.0
ZNF517,4405.0
ZNF7,3858.0
ANGPT2,5211.0
DEFA4,6044.5
PPP1R3B,2844.5
RP1L1,5834.0
XKR6,5174.0
MSR1,5486.0
FGF20,5732.5
CNOT7,931.5
MTUS1,1725.0
FGL1,1016.0
CSGALNACT1,4973.0
LZTS1,5730.0
DOK2,5422.0
PHYHIP,5580.0
BIN3,4251.0
EGR3,5416.0
PEBP4,5747.0
TNFRSF10D,2646.0
LOXL2,4420.0
ENTPD4,2081.0
GNRH1,4023.0
ADRA1A,5845.0
STMN4,5881.0
TRIM35,3873.0
CHRNA2,5337.5
CLU,2025.0
ZNF395,1938.5
DUSP4,4424.0
GTF2E2,1195.0
GSR,423.0
PPP2CB,686.0
TEX15,5362.0
TTI2,4172.0
RNF122,4374.0
LSM12,845.0
RAB11FIP1,1520.0
ADRB3,5900.0
STAR,4620.0
FGFR1,3078.5
TM2D2,3476.0
SFRP1,5629.0
ANK1,5354.0
THAP1,3574.0
RNF170,3262.0
PRKDC,905.5
SNAI2,4080.5
PCMTD1,2266.0
RB1CC1,3480.0
ATP6V1H,2527.0
TCEA1,488.0
TMEM68,3744.0
RPS20,1141.5
CA8,5998.0
TTPA,4594.0
PDE7A,3296.5
VCPIP1,3800.0
ARFGEF1,1867.0
CPA6,5764.5
PRDM14,5797.0
TRAM1,342.0
EYA1,6062.0
TRPA1,5977.5
PEX2,3057.0
IL7,4892.0
TPD52,1836.0
ZFAND1,2212.5
SNX16,4179.5
DCAF4L2,5328.0
MMP16,4815.0
NBN,3526.0
CALB1,5865.5
CDH17,4788.0
CCNE2,3802.0
UQCRB,3205.0
TSPYL5,6386.0
RGS22,6143.0
RNF19A,2650.0
ANKRD46,2881.0
SNX31,5857.0
PABPC1,107.0
ZNF706,1784.5
NCALD,4226.0
UBR5,1494.0
KLF10,1280.0
SLC25A32,2678.0
RSPO2,6072.0
EIF3E,139.0
NUDCD1,3306.5
CSMD3,5957.5
TRPS1,5226.0
EXT1,1487.0
SAMD12,5590.0
TNFRSF11B,3382.0
ENPP2,3707.0
DSCC1,3611.5
MTSS1,1764.5
ADCY8,5894.0
TMEM71,5628.0
SLA,5241.0
NDRG1,1196.0
ZFAT,3677.0
COL22A1,5428.0
KCNK9,5517.0
SLC45A4,4877.5
ARC,5321.0
TOP1MT,3441.0
PLEC,969.5
PARP10,3658.0
ARHGAP39,3366.0
RPL8,214.0
ZNF250,4297.0
KANK1,1916.5
DMRT2,6313.0
SMARCA2,3592.0
VLDLR,4400.0
KCNV2,5857.0
CDC37L1,3438.5
RCL1,2766.5
LURAP1L,3933.0
CCDC171,4872.0
SH3GL2,5455.0
ADAMTSL1,5816.0
RRAGA,990.0
ACER2,3806.0
TEK,5671.0
ACO1,1553.0
DNAJA1,724.0
SPINK4,5410.0
CHMP5,1801.0
UBAP1,925.0
NUDT2,2263.0
GALT,2383.0
IL11RA,3978.0
PHF24,5563.5
UNC13B,3301.0
RUSC2,3739.0
TESK1,3188.0
CREB3,1595.0
NPR2,4125.0
TMEM8B,4592.0
RECK,3791.0
GLIPR2,4004.0
MELK,1687.0
ZCCHC7,1772.0
GRHPR,1406.5
POLR1E,1362.0
FAM220A,2353.0
FXN,2716.0
SMC5,3405.0
RORB,6084.5
PCSK5,4188.0
GCNT1,3361.5
VPS13A,2374.0
CEP78,3467.5
PSAT1,466.0
NTRK2,5802.0
DAPK1,2843.5
CTSL,1915.0
CKS2,323.0
GADD45G,4206.0
SYK,5633.0
FGD3,4620.0
SUSD3,5055.0
PTPDC1,3569.0
ZNF169,4443.0
HABP4,2449.0
TMOD1,3907.0
NCBP1,1203.0
NANS,2313.0
COL15A1,5629.0
TGFBR1,3440.5
NR4A3,5549.0
STX17,2897.0
INVS,2871.0
ZNF189,3092.0
RNF20,1557.5
SMC2,2785.0
TAL2,5458.0
TMEM38B,2033.5
ZNF462,5092.0
RAD23B,707.5
UGCG,1482.0
KIAA1958,1592.0
SLC31A1,1387.5
RGS3,3618.0
ORM1,210.0
ATP6V1G1,1166.0
PAPPA,5240.0
TRIM32,2942.0
GSN,2104.0
DAB2IP,3681.0
MORN5,6247.0
PTGS1,4899.0
OR1Q1,6146.5
SKA2,1075.0
NEK6,672.0
ADGRD2,6060.5
OLFML2A,4383.5
ARPC5L,2690.5
MVB12B,2546.0
ZBTB43,3011.0
RALGPS1,4048.0
GARNL3,4629.0
SLC2A8,1435.0
STXBP1,3025.0
FPGS,2397.0
SLC25A25,3071.0
LCN2,3432.5
DNM1,2863.0
COQ4,3198.0
SLC27A4,2862.0
ODF2,2835.5
TBC1D13,1754.0
LRRC8A,1030.0
PHYHD1,5290.0
NUP188,961.0
PRRX2,5173.5
TOR1B,1770.0
USP20,4085.0
FUBP3,1861.0
PRDM12,5180.0
ABL1,1459.0
AIF1L,2523.0
NTNG2,5512.0
BARHL1,5830.5
GTF3C4,2024.0
GTF3C5,1403.0
ADAMTSL2,4246.0
WDR5,1578.5
RXRA,1481.0
FCN2,6247.0
OLFM1,5857.0
PAEP,4798.0
GPSM1,4391.0
EGFL7,3085.0
RABL6,2578.0
PHPT1,744.5
TRAF2,1955.0
C8G,2758.0
LCN12,4254.0
MAN1B1,2580.0
NELFB,1048.0
MRPL41,525.5
ARRDC1,2965.5
EHMT1,2744.0
RFX3,3950.5
AK3,1002.0
RLN2,6070.5
RLN1,6107.0
PLGRKT,3055.0
KIAA2026,2903.0
GLDC,2047.5
MPDZ,3074.5
ZDHHC21,3797.0
CER1,5888.0
FREM1,4930.0
TTC39B,3897.0
SAXO1,5975.5
PLIN2,457.5
MLLT3,4242.0
IFNB1,6300.0
CDKN2A,2036.0
CDKN2B,3547.0
CAAP1,2748.0
PLAA,1548.0
LRRC19,5418.0
EQTN,6353.5
LINGO2,6174.5
TOPORS,2277.0
NDUFB6,1149.0
AQP7,4065.0
AQP3,4325.0
NOL6,1943.0
UBAP2,2725.0
KIF24,4232.0
CNTFR,4935.0
RPP25L,1433.0
DCTN3,1336.0
SIGMAR1,1228.0
FANCG,2573.5
PIGO,2264.0
STOML2,211.0
SIT1,5575.0
ARHGEF39,3466.0
TPM2,362.0
HINT2,744.5
FAM221B,5900.0
GNE,2395.0
RNF38,2747.5
PAX5,5652.5
EXOSC3,2645.0
PTAR1,2043.0
KLF9,4092.0
TRPM3,5136.0
ABHD17B,2684.0
NMRK1,3892.5
RFK,2280.0
PRUNE2,5347.0
GNA14,5572.0
C9orf64,1776.5
HNRNPK,281.0
GOLM1,1898.0
CDK20,4648.0
SHC3,5124.0
SEMA4D,5071.0
DIRAS2,5869.5
OGN,5450.0
OMD,5863.0
ASPN,5998.0
FAM120AOS,4427.0
FBP1,3030.0
HSD17B3,4057.0
SLC35D2,1186.0
ZNF367,2575.5
CDC14B,3833.0
ZNF510,4028.5
CTSV,4268.0
HEMGN,6251.0
TRIM14,1127.0
CORO2A,2524.0
TBC1D2,3593.0
GABBR2,5577.0
ALG2,1368.5
TEX10,2882.0
ABCA1,1390.0
ACTL7B,5770.0
CTNNAL1,2063.0
TMEM245,1355.5
EPB41L4B,3116.5
PTPN3,3081.0
TXN,208.0
LPAR1,3335.0
PTGR1,638.0
PTBP3,528.0
ZFP37,4716.0
WDR31,4412.0
HDHD3,1195.5
POLE3,2338.5
AMBP,2595.0
TNFSF15,4689.0
ASTN2,4651.5
BRINP1,6089.0
CDK5RAP2,1984.0
PSMD5,1586.0
PHF19,2508.0
TRAF1,4615.0
C5,673.0
RAB14,1116.0
LHX6,4518.0
PDCL,2963.5
ZBTB6,3691.5
PSMB7,435.0
NR5A1,5583.0
RPL35,175.0
HSPA5,171.0
MAPKAP1,2249.0
SH2D3C,4791.0
DPM2,2883.5
FAM102A,2094.0
NAIF1,3723.0
CIZ1,2326.5
TRUB2,2751.0
DOLK,3155.5
SH3GLB2,2037.0
CRAT,980.0
C9orf50,5360.5
ASB6,2861.0
PTGES,4794.5
FNBP1,1707.0
FIBCD1,5120.0
FAM78A,4475.0
RAPGEF1,2320.0
DDX31,3302.0
AK8,5238.0
TSC1,1918.0
FAM163B,5771.0
BRD3,2425.0
SOHLH1,5830.5
CAMSAP1,3143.0
UBAC1,1154.0
LHX3,6053.0
QSOX2,2026.5
INPP5E,3514.0
AGPAT2,1761.0
ABCA2,3212.0
FUT7,5600.0
NPDC1,3690.5
ENTPD2,3151.0
ANAPC2,2485.0
NRARP,3439.0
EXD3,4339.0
RNF208,3950.0
MPLKIP,757.0
GYG2,3028.5
STS,3399.5
CLCN4,3886.0
HCCS,2499.0
AMELX,6313.0
MSL3,3919.0
FRMPD4,6070.5
PRPS2,3199.0
TLR7,5932.5
TCEANC,5416.0
RAB9A,3316.0
GLRA2,5816.0
MOSPD2,2632.0
ZRSR2,3700.0
NHS,4716.0
SCML1,2201.0
PDHA1,2016.0
MBTPS2,3097.0
SMS,1267.0
PHEX,5320.0
PTCHD1,6135.0
PRDX4,1345.0
SAT1,682.0
POLA1,3584.0
MAGEB18,6339.0
IL1RAPL1,5175.0
CFAP47,5564.5
PRRG1,3344.5
XK,4351.0
CYBB,5804.0
TSPAN7,2776.5
USP9X,1465.0
DDX3X,893.5
GPR82,5876.0
DUSP21,6258.0
KDM6A,1972.0
KRBOX4,3865.0
RP2,3020.5
UBA1,349.0
CDK16,1109.0
ARAF,2572.0
RBM3,1586.0
SSX1,5224.0
PORCN,3760.5
TBC1D25,2441.0
GATA1,5892.5
PQBP1,1837.0
CCDC22,3681.0
CCNB3,4820.0
MAGED1,834.0
GPR173,5219.0
TSPYL2,3489.5
TSR2,1520.5
MAGED2,2125.0
APEX2,2125.5
PAGE5,5702.0
MAGEH1,4609.0
RRAGB,4459.5
KLF8,5706.0
UBQLN2,2246.5
FAAH2,4718.5
ZC3H12B,4898.0
MSN,1526.0
HEPH,5787.0
EDA,5253.0
AWAT1,6072.0
FOXO4,3415.0
MED12,2533.0
NLGN3,5310.5
OGT,1004.5
NHSL2,5773.0
ZCCHC13,6255.5
UPRT,3675.0
MAGEE1,4861.0
COX7B,2161.0
PGK1,1143.0
P2RY10,5934.0
APOOL,1527.0
ZNF711,5674.0
DACH2,5900.0
PABPC5,6070.5
DIAPH2,4720.0
SRPX2,4378.0
ARMCX3,1750.0
GPRASP1,4934.5
RAB40AL,4357.0
BEX4,4843.5
TCEAL4,2587.0
TCEAL3,5068.0
TCEAL1,4954.0
NRK,5451.0
RNF128,1547.0
TBC1D8B,4177.0
PRPS1,1491.0
MID2,4577.0
VSIG1,5586.0
ATG4A,3630.0
NXT2,2993.5
TMEM164,3175.0
HTR2C,6079.5
LUZP4,6148.5
LONRF3,2435.5
SLC25A43,2747.5
SLC25A5,70.0
UBE2A,1258.0
ZBTB33,2049.0
ATP1B4,6215.5
STAG2,2089.0
OCRL,2007.0
XPNPEP2,4265.0
RAB33A,5147.0
SLC25A14,3024.0
RBMX2,2988.0
ARHGAP36,6253.0
STK26,3322.0
PHF6,2124.0
HPRT1,2203.0
ZNF449,4224.0
SAGE1,6158.0
SLC9A6,3558.0
FHL1,5183.0
ADGRG4,6193.0
BRS3,6190.0
HTATSF1,2595.0
F9,5830.5
MAGEC1,6135.5
SLITRK2,6094.0
IDS,2030.0
MAGEA8,5816.5
MAMLD1,4325.0
MTM1,3985.5
PASD1,6103.0
NSDHL,835.0
ZFP92,5830.5
DUSP9,1272.0
ABCD1,2987.5
PLXNB3,5154.0
SSR4,1946.0
AVPR2,5394.0
TMEM187,3666.0
TKTL1,5519.5
EMD,1743.0
ATP6AP1,647.0
PLXNA3,3064.0
FUNDC2,3173.0
BRCC3,3133.0
VBP1,1694.0
ARSD,3119.0
PRKX,3370.0
NLGN4X,6074.0
ANOS1,6243.0
ARHGAP6,5726.0
GPM6B,5513.0
GEMIN8,2957.0
FANCB,4543.0
ASB11,6052.5
PIGA,3088.0
ACE2,5295.0
AP1S2,3049.5
CTPS2,3054.0
BEND2,6149.5
SCML2,3680.0
EIF1AX,1264.0
SMPX,5642.0
APOO,2600.0
KLHL15,3105.0
PCYT1B,5332.0
ARX,5725.0
TAB3,2262.0
DMD,3677.0
RPGR,4176.0
BCOR,1846.0
MED14,2880.0
RPS2,21.0
MAOB,3458.0
EFHC2,5737.5
NDUFB11,546.0
ZNF41,4919.0
SYN1,5045.5
CFP,5515.0
ELK1,2116.0
UXT,1361.0
ZNF182,3774.0
ZNF630,5939.5
SSX5,6072.0
SSX3,5816.5
PCSK1N,4844.0
KCND1,5136.0
GRIPAP1,2936.5
WDR45,1970.5
SYP,4525.0
CACNA1F,5963.0
AKAP4,6148.5
SHROOM4,5468.0
NUDT11,6079.5
IQSEC2,4231.0
SMC1A,1476.0
HSD17B10,626.0
FAM120C,4704.0
WNK3,5146.0
FAM104B,2843.0
ARHGEF9,4733.0
ZC4H2,3598.0
EDA2R,5744.0
PJA1,4613.5
P2RY4,5158.0
SLC7A3,6044.0
SNX12,1632.5
ZMYM3,2067.5
CXCR3,5248.0
HDAC8,3880.5
NAP1L2,5319.5
RLIM,2688.0
ABCB7,1907.0
ATRX,3089.0
MAGT1,1138.0
CYSLTR1,5900.0
BRWD3,3657.5
HMGN5,4949.0
POF1B,5495.5
CHM,2984.0
NAP1L3,5789.5
TSPAN6,2231.0
SYTL4,3100.0
NOX1,5176.0
TRMT2B,2591.0
TAF7L,5920.5
GLA,2083.0
ARMCX6,3702.0
ARMCX2,6000.0
ZMAT1,5106.0
TMSB15A,6079.5
TCEAL8,1688.0
RAB40A,5602.0
MORC4,2934.0
RBM41,3070.0
TSC22D3,2853.0
IRS4,5816.5
KCNE5,5029.0
ACSL4,1190.0
TRPC5,6070.5
IL13RA2,6394.5
LRCH2,5284.5
KLHL13,4200.0
UPF3B,3178.0
CUL4B,2632.5
THOC2,1444.0
DCAF12L1,6070.5
SMARCA1,990.0
ZDHHC9,1626.0
ELF4,3018.5
AIFM1,2217.0
ZNF280C,3938.0
ENOX2,3863.0
FRMD7,5952.5
RAP2C,2735.5
MBNL3,2972.5
HS6ST2,5199.5
USP26,6281.0
GPC4,5339.0
GPC3,1970.5
PLAC1,5190.0
MOSPD1,3937.0
ZNF75D,4558.0
MMGT1,2565.5
ARHGEF6,5252.0
FGF13,6007.0
SOX3,5993.0
LDOC1,4483.5
MAGEC2,5101.0
SLITRK4,6018.0
MAGEA11,6049.0
CD99L2,2648.0
CETN2,1792.0
MAGEA1,5577.0
BCAP31,431.0
IDH3G,1398.0
L1CAM,5071.0
ARHGAP4,4822.0
DNASE1L1,3451.0
LAGE3,1980.5
UBL4A,952.0
FAM3A,1996.0
GAB3,5857.0
F8,4627.0
RAB39B,5733.0
CLIC2,4767.5
TAF9B,3733.0
TBL1Y,5755.0
USP9Y,5590.0
DDX3Y,6070.0
EIF1AY,6072.0
AMELY,6202.5
KDM5D,4991.0
CFHR4,5584.5
ZNF208,6324.0
LYRM9,4435.0
TATDN1,3472.0
PCDHA10,5720.0
PCDHA6,5805.0
PCDHA2,5920.5
CDK11B,3506.0
PSIP1,2624.0
UPF3A,2496.0
WDR82,797.5
HMGA1,1486.0
DNAJB6,2097.0
KCNMB3,4558.0
TGIF1,2215.0
UBE2D3,596.5
ATF4,269.0
RAC1,381.5
GNAQ,2059.0
XCL1,4885.0
CTBP2,3185.5
MRGPRX3,5816.5
RPLP1,191.0
MPRIP,2037.0
RALGAPA1,3241.5
BRWD1,2836.0
MXRA7,2083.5
BCL2L15,4952.0
CT55,5968.0
RPL27A,588.0
ARL4A,2155.5
ELMO1,4486.0
METTL2B,2590.0
CHTF8,1050.0
