Gene_A,Gene_B_Ensembl,Similarity_Percent
FLT3,ENSG00000066468,24.6041
FLT3,ENSG00000160867,22.9426
FLT3,ENSG00000113721,23.689
FLT3,ENSG00000157404,29.4057
FLT3,ENSG00000182578,30.8642
FLT3,ENSG00000068078,24.1935
FLT3,ENSG00000163785,20.0988
FLT3,ENSG00000134853,26.5381
FLT3,ENSG00000077782,23.8443
NPM1,ENSG00000158806,32.243
NPM1,ENSG00000107833,35.9551
TP53,ENSG00000078900,26.8868
TP53,ENSG00000073282,23.3824
DNMT3A,ENSG00000142182,40.1554
DNMT3A,ENSG00000088305,49.8242
BCL2,ENSG00000140379,24.0
BCL2,ENSG00000176720,20.7547
BCL2,ENSG00000087088,23.4375
BCL2,ENSG00000030110,23.6967
BCL2,ENSG00000171552,43.3476
BCL2,ENSG00000129473,40.9326
MYC,ENSG00000116990,35.4396
MYC,ENSG00000134323,38.1466
IDH1,ENSG00000182054,62.8319
RUNX1,ENSG00000124813,59.309
RUNX1,ENSG00000020633,65.0602
MCL1,ENSG00000129473,21.2435
MCL1,ENSG00000171791,20.5021
MCL1,ENSG00000140379,21.7143
MCL1,ENSG00000030110,21.327
MCL1,ENSG00000087088,24.4792
MCL1,ENSG00000176720,21.6981
BAX,ENSG00000140379,22.2857
JAK2,ENSG00000060140,21.327
JAK2,ENSG00000103653,31.1111
JAK2,ENSG00000165025,25.0394
JAK2,ENSG00000105397,37.4052
JAK2,ENSG00000125508,28.4836
JAK2,ENSG00000113263,24.6774
JAK2,ENSG00000111816,32.6733
JAK2,ENSG00000115085,23.748
JAK2,ENSG00000010671,22.4583
JAK2,ENSG00000101213,31.7073
JAK2,ENSG00000007264,28.0079
JAK2,ENSG00000162434,42.3744
JAK2,ENSG00000254087,33.9844
JAK2,ENSG00000000938,29.3006
JAK2,ENSG00000176105,29.0976
JAK2,ENSG00000101336,33.0798
JAK2,ENSG00000074966,28.8425
JAK2,ENSG00000197122,28.3582
JAK2,ENSG00000105639,49.1993
JAK2,ENSG00000102010,20.8889
JAK2,ENSG00000010810,29.6089
JAK2,ENSG00000182866,32.613
JAK2,ENSG00000135605,24.7227
JAK2,ENSG00000136573,31.6832
CD36,ENSG00000138760,32.2176
CD36,ENSG00000073060,29.0766
ATF4,ENSG00000169136,28.7234
WT1,ENSG00000179388,25.0646
WT1,ENSG00000122877,22.8992
AKT1,ENSG00000117020,83.0898
AKT1,ENSG00000105221,81.289
AKT1,ENSG00000140992,24.6403
AKT1,ENSG00000163932,27.8107
AKT1,ENSG00000065675,27.6204
IDH2,ENSG00000138413,68.599
CD33,ENSG00000105492,45.2539
CD33,ENSG00000268500,33.5753
CD33,ENSG00000254415,37.3737
CD33,ENSG00000254521,30.2521
CD33,ENSG00000105366,39.6794
CD33,ENSG00000168995,41.1135
CD33,ENSG00000129450,41.9006
CD33,ENSG00000142512,21.9512
CD33,ENSG00000197046,24.0854
MLL,ENSG00000272333,38.7109
CBS,ENSG00000167720,27.0588
CBS,ENSG00000135094,23.1707
CBS,ENSG00000139410,24.3161
MSC,ENSG00000163792,21.4953
MSC,ENSG00000118526,62.5698
MSC,ENSG00000261787,31.1377
MSC,ENSG00000125878,28.1407
MSC,ENSG00000113196,20.4651
MSC,ENSG00000122691,22.7723
MSC,ENSG00000260428,25.3731
MSC,ENSG00000146618,21.0843
MSC,ENSG00000164107,21.1982
MSC,ENSG00000233608,27.5
SIRT1,ENSG00000089163,22.9299
SIRT1,ENSG00000124523,26.129
SIRT1,ENSG00000142082,30.5764
SIRT1,ENSG00000068903,35.9897
LAPTM5,ENSG00000068697,24.0343
LAPTM5,ENSG00000104341,26.9911
LAMP2,ENSG00000185896,33.813
LAMP2,ENSG00000129226,21.1864
LAMP1,ENSG00000005893,34.3902
LAMP1,ENSG00000125869,21.4286
LAMP1,ENSG00000129226,25.9887
MSH2,ENSG00000204410,20.6235
UBE2O,ENSG00000177889,29.6053
UBE2O,ENSG00000276380,26.7974
UBE2O,ENSG00000078140,26.0
UBE2O,ENSG00000077152,24.3655
UBE2O,ENSG00000104343,21.8543
UBE2O,ENSG00000244687,27.8912
UBE2O,ENSG00000132388,23.5294
UBE2O,ENSG00000103275,24.6835
UBE2O,ENSG00000159202,31.0734
UBE2O,ENSG00000175063,25.6983
UBE2O,ENSG00000077721,30.2632
UBE2O,ENSG00000119048,30.9211
UBE2O,ENSG00000184787,22.4242
UBE2O,ENSG00000107341,23.9496
UBE2O,ENSG00000099804,23.3051
UBE2O,ENSG00000108106,27.9279
UBE2O,ENSG00000184182,22.7027
UBE2O,ENSG00000169139,26.8966
BMPR1B,ENSG00000106799,51.4911
BMPR1B,ENSG00000123612,49.2901
BMPR1B,ENSG00000121989,29.0448
BMPR1B,ENSG00000107779,68.0451
BMPR1B,ENSG00000139567,43.5388
BMPR1B,ENSG00000163513,24.3386
BMPR1B,ENSG00000114739,27.9297
BMPR1B,ENSG00000135503,49.1089
BMPR1B,ENSG00000115170,47.1513
BMPR1B,ENSG00000135409,21.9895
BMP4,ENSG00000163083,20.3931
BMP4,ENSG00000156466,25.2747
BMP4,ENSG00000119699,22.5728
BMP4,ENSG00000153162,23.9766
BMP4,ENSG00000184344,26.3736
BMP4,ENSG00000092969,21.7391
BMP4,ENSG00000163217,28.5377
BMP4,ENSG00000156574,23.3429
BMP4,ENSG00000125965,21.3573
BMP4,ENSG00000112175,25.9912
BMP4,ENSG00000143869,24.8889
BMP4,ENSG00000130283,25.0
BMP4,ENSG00000263761,28.6713
BMP4,ENSG00000101144,27.8422
BMP4,ENSG00000125845,62.8788
BMP4,ENSG00000139269,22.5714
BMP4,ENSG00000116985,27.1144
BMP4,ENSG00000183682,27.1144
BMP4,ENSG00000105329,21.7949
BCOR,ENSG00000085185,22.9692
CTCF,ENSG00000174586,21.6867
CTCF,ENSG00000124092,45.3997
CTCF,ENSG00000197162,21.7284
CTCF,ENSG00000169951,23.0958
CTCF,ENSG00000189420,24.7596
CTCF,ENSG00000179965,28.7066
TET2,ENSG00000138336,22.4719
TET2,ENSG00000187605,27.8552
MASTL,ENSG00000118515,22.0532
MASTL,ENSG00000169302,23.2323
MASTL,ENSG00000152953,24.1546
MASTL,ENSG00000104205,21.7742
MASTL,ENSG00000101049,29.9728
EZH2,ENSG00000108799,64.7925
OPTN,ENSG00000269335,28.6396
TRIB2,ENSG00000173334,54.5699
TRIB2,ENSG00000101255,42.4581
TRIB2,ENSG00000196182,20.4598
HS2ST1,ENSG00000111962,24.3842
HS6ST1,ENSG00000171004,38.2946
HS6ST1,ENSG00000185352,53.2909
RUNX1T1,ENSG00000129993,65.8499
RUNX1T1,ENSG00000078699,62.521
CEBPA,ENSG00000153879,31.3333
CEBPA,ENSG00000092067,44.8399
CEBPA,ENSG00000221869,39.0335
CEBPA,ENSG00000172216,31.0145
RARA,ENSG00000077092,74.1071
RARA,ENSG00000174738,21.5889
RARA,ENSG00000144852,24.6544
RARA,ENSG00000172819,70.0441
RARA,ENSG00000143365,24.7104
RARA,ENSG00000132170,23.7895
RARA,ENSG00000069667,25.0478
RARA,ENSG00000112033,25.8503
RARA,ENSG00000186951,25.0
RARA,ENSG00000126351,27.8049
RARA,ENSG00000111424,23.8876
RARA,ENSG00000012504,23.5294
RARA,ENSG00000151090,27.115
RARA,ENSG00000198963,28.1046
RARA,ENSG00000143257,25.5747
RARA,ENSG00000025434,24.3848
RARA,ENSG00000131408,25.0
RARG,ENSG00000077092,72.7679
RARG,ENSG00000131759,68.8312
RARG,ENSG00000174738,22.9706
RARG,ENSG00000144852,23.0415
RARG,ENSG00000143365,25.4826
RARG,ENSG00000126368,20.5212
RARG,ENSG00000132170,23.7895
RARG,ENSG00000069667,26.7686
RARG,ENSG00000112033,26.0771
RARG,ENSG00000186951,27.1368
RARG,ENSG00000126351,27.8049
RARG,ENSG00000111424,23.185
RARG,ENSG00000012504,23.3193
RARG,ENSG00000151090,27.3319
RARG,ENSG00000198963,28.3224
RARG,ENSG00000143257,25.0
RARG,ENSG00000025434,24.8322
RARG,ENSG00000131408,25.2174
PML,ENSG00000184108,20.0855
PML,ENSG00000154370,20.2991
PML,ENSG00000146755,20.7392
PML,ENSG00000177238,23.4801
PML,ENSG00000204618,22.1591
DYRK1A,ENSG00000179335,27.1429
DYRK1A,ENSG00000127334,27.2879
DYRK1A,ENSG00000105204,64.7059
DYRK1A,ENSG00000176444,27.0541
DYRK1A,ENSG00000010219,24.448
DYRK1A,ENSG00000143479,26.1905
DYRK1A,ENSG00000160396,20.6169
DYRK1A,ENSG00000013441,26.2397
DYRK1A,ENSG00000113240,26.8191
PLIN2,ENSG00000105355,40.553
PLIN2,ENSG00000214456,30.6695
PLIN2,ENSG00000166819,20.8812
ATR,ENSG00000170054,25.1799
ATR,ENSG00000196136,26.4775
ATR,ENSG00000123561,22.8916
ATR,ENSG00000188488,24.8768
ATR,ENSG00000100665,25.2927
ATR,ENSG00000221887,25.8993
ATR,ENSG00000170099,25.9259
ATR,ENSG00000186910,25.3554
ATR,ENSG00000165953,20.2899
ATR,ENSG00000197249,43.3014
SLFN11,ENSG00000154760,77.369
SLFN11,ENSG00000236320,42.9825
SLFN11,ENSG00000172123,38.4083
SLFN11,ENSG00000205045,36.1111
SLFN11,ENSG00000166750,51.9641
DCK,ENSG00000114956,44.4043
DCK,ENSG00000166548,30.9434
PRDM16,ENSG00000085276,53.2688
SLC1A5,ENSG00000106688,39.6947
SLC1A5,ENSG00000079215,40.7749
SLC1A5,ENSG00000115902,58.4586
SLC1A5,ENSG00000105143,38.8298
SLC1A5,ENSG00000162383,35.7143
SLC1A5,ENSG00000110436,35.3659
IMPDH2,ENSG00000106348,71.2855
IMPDH2,ENSG00000100938,29.8851
IMPDH2,ENSG00000137198,30.1449
VHL,ENSG00000189030,64.7482
LOXL2,ENSG00000129038,26.8293
LOXL2,ENSG00000113083,33.0935
LOXL2,ENSG00000073754,24.4957
LOXL2,ENSG00000138131,53.9683
LOXL2,ENSG00000115318,55.5113
NEDD4L,ENSG00000123124,33.731
NEDD4L,ENSG00000108854,37.5668
NEDD4L,ENSG00000085382,24.9725
NEDD4L,ENSG00000165338,21.6495
NEDD4L,ENSG00000198742,35.8413
NEDD4L,ENSG00000078747,35.8469
NEDD4L,ENSG00000069869,61.5556
NEDD4L,ENSG00000198373,34.8276
ACSL3,ENSG00000068366,67.1642
ACSL3,ENSG00000164398,29.3629
ACSL3,ENSG00000151726,31.6619
ACSL3,ENSG00000130377,21.4715
ACSL3,ENSG00000197142,32.9429
ACSL3,ENSG00000103740,21.2707
RAB7A,ENSG00000185236,32.1101
RAB7A,ENSG00000276600,49.2462
RAB7A,ENSG00000144566,37.6744
RAB7A,ENSG00000111737,35.3234
RAB7A,ENSG00000102128,20.8633
RAB7A,ENSG00000155961,32.8638
RAB7A,ENSG00000109113,23.5521
RAB7A,ENSG00000175582,37.5
RAB7A,ENSG00000123570,51.7413
RAB7A,ENSG00000168118,33.4862
RAB7A,ENSG00000084733,36.5
RAB7A,ENSG00000179331,29.4931
RAB7A,ENSG00000138069,36.0976
RAB7A,ENSG00000167578,32.8638
RAB7A,ENSG00000080371,29.7778
RAB7A,ENSG00000139998,31.1321
RAB7A,ENSG00000100360,32.2581
RAB7A,ENSG00000172780,30.1887
RAB7A,ENSG00000105514,28.7671
RAB7A,ENSG00000108774,37.963
RAB7A,ENSG00000188060,28.4404
RAB7A,ENSG00000172007,32.7511
RAB7A,ENSG00000124839,32.5472
RAB7A,ENSG00000041353,33.4862
RAB7A,ENSG00000169213,31.5068
RAB7A,ENSG00000104388,31.6038
RAB7A,ENSG00000129472,34.7222
RAB7A,ENSG00000100228,22.8464
RAB7A,ENSG00000112210,29.1139
RAB7A,ENSG00000206418,20.8824
RAB7A,ENSG00000172794,33.6323
RAB7A,ENSG00000144134,22.7074
RAB7A,ENSG00000079974,23.1441
RAB7A,ENSG00000154917,36.5385
RAB7A,ENSG00000119396,32.093
RAB7A,ENSG00000146955,29.9539
RAB7A,ENSG00000132698,32.8638
RAB7A,ENSG00000168461,40.0
RAB7A,ENSG00000117280,33.0049
RAB7A,ENSG00000118508,31.1111
RAB7A,ENSG00000167964,28.9062
RAB7A,ENSG00000152932,29.0749
RAB7A,ENSG00000166128,35.2657
RAB7A,ENSG00000197562,21.3523
RAB7A,ENSG00000169228,26.601
RAB7A,ENSG00000099246,35.4369
RAB7A,ENSG00000124209,37.1134
RAB7A,ENSG00000111540,37.6744
RAB7A,ENSG00000143545,35.468
RAB7A,ENSG00000167461,35.7488
RAB7A,ENSG00000139832,25.2137
RAB7A,ENSG00000134594,29.9578
RAB7A,ENSG00000157869,28.5068
RAB7A,ENSG00000115137,25.2747
RAB7A,ENSG00000123595,50.7463
RAB7A,ENSG00000069974,34.8416
RAB7A,ENSG00000147127,30.1802
RAB7A,ENSG00000174903,36.3184
RAB7A,ENSG00000172476,20.9386
RAB7A,ENSG00000141542,21.5827
RAB7A,ENSG00000137502,35.468
RAB7A,ENSG00000123892,35.545
RAB7A,ENSG00000105649,29.5455
RAB7A,ENSG00000233087,27.9528
RAB7A,ENSG00000222014,27.5591
RAB7A,ENSG00000103769,31.9444
THBS1,ENSG00000105664,48.8771
THBS1,ENSG00000113296,42.4558
THBS1,ENSG00000186340,61.3481
THBS1,ENSG00000169231,42.7824
SLC29A1,ENSG00000174669,47.807
SLC29A1,ENSG00000198246,31.1579
TGFBR1,ENSG00000123612,66.9371
TGFBR1,ENSG00000121989,30.2144
TGFBR1,ENSG00000107779,47.3684
TGFBR1,ENSG00000139567,45.7256
TGFBR1,ENSG00000163513,27.1605
TGFBR1,ENSG00000114739,28.3203
TGFBR1,ENSG00000138696,51.5936
TGFBR1,ENSG00000135503,68.3168
TGFBR1,ENSG00000115170,46.9548
TGFBR1,ENSG00000135409,22.6876
AKR1B10,ENSG00000169282,20.0477
AKR1B10,ENSG00000117448,48.0
AKR1B10,ENSG00000069424,20.241
AKR1B10,ENSG00000196139,47.0588
AKR1B10,ENSG00000187134,47.678
AKR1B10,ENSG00000053371,22.8412
AKR1B10,ENSG00000122787,50.0
AKR1B10,ENSG00000211454,23.8671
AKR1B10,ENSG00000264006,47.2393
AKR1B10,ENSG00000227471,79.3605
AKR1B10,ENSG00000085662,70.8861
AKR1B10,ENSG00000165568,55.3125
AKR1B10,ENSG00000198610,47.9876
AKR1B10,ENSG00000162482,23.565
AKR1B10,ENSG00000151632,48.2972
ASXL1,ENSG00000141431,20.4181
ASXL1,ENSG00000143970,28.5714
BCLAF1,ENSG00000054118,38.0105
BCLAF1,ENSG00000173681,20.9564
MSH3,ENSG00000116062,20.2206
MSH3,ENSG00000204410,21.5827
MSH3,ENSG00000057468,21.9017
MSH3,ENSG00000095002,21.0921
PARP1,ENSG00000129484,40.1754
PARP1,ENSG00000041880,33.9587
PGC,ENSG00000131400,34.5238
PGC,ENSG00000229183,50.2577
PGC,ENSG00000229859,50.2577
PGC,ENSG00000256713,49.7423
PGC,ENSG00000117984,37.3786
PGC,ENSG00000186318,21.3573
PGC,ENSG00000143839,31.7734
PGC,ENSG00000196188,46.2121
PGC,ENSG00000182240,23.166
MYB,ENSG00000185697,45.2128
MYB,ENSG00000101057,38.2857
MMP14,ENSG00000100985,23.338
MMP14,ENSG00000196611,39.0192
MMP14,ENSG00000262406,39.1489
MMP14,ENSG00000166670,38.0252
MMP14,ENSG00000154485,26.1863
MMP14,ENSG00000099953,35.2459
MMP14,ENSG00000149968,39.6226
MMP14,ENSG00000087245,26.9697
MMP14,ENSG00000137674,36.2319
MMP14,ENSG00000125966,48.5271
MMP14,ENSG00000008516,35.7651
MMP14,ENSG00000271447,32.5
MMP14,ENSG00000102996,49.9253
MMP14,ENSG00000137675,34.1131
MMP14,ENSG00000189409,28.7179
MMP14,ENSG00000167346,31.4176
MMP14,ENSG00000137673,38.9513
MMP14,ENSG00000118113,37.2591
MMP14,ENSG00000156103,52.5535
MMP14,ENSG00000123342,32.2835
MMP14,ENSG00000198598,31.5091
MMP14,ENSG00000137745,37.7919
AXL,ENSG00000066468,21.5591
AXL,ENSG00000160867,21.9451
AXL,ENSG00000092445,40.5618
AXL,ENSG00000068078,21.5881
AXL,ENSG00000163785,23.888
AXL,ENSG00000077782,20.8029
AXL,ENSG00000153208,37.3373
AXL,ENSG00000198400,21.4824
AKR1B1,ENSG00000165568,56.25
AKR1B1,ENSG00000117448,49.5385
AKR1B1,ENSG00000196139,47.0588
AKR1B1,ENSG00000187134,47.9876
AKR1B1,ENSG00000198074,70.8861
AKR1B1,ENSG00000053371,22.0056
AKR1B1,ENSG00000122787,49.3865
AKR1B1,ENSG00000211454,22.9607
AKR1B1,ENSG00000264006,49.0798
AKR1B1,ENSG00000227471,59.8837
AKR1B1,ENSG00000198610,47.9876
AKR1B1,ENSG00000162482,22.6586
AKR1B1,ENSG00000151632,48.2972
GRPEL1,ENSG00000164284,40.4444
PPRC1,ENSG00000155846,21.1144
PPRC1,ENSG00000109819,25.6892
HCFC1,ENSG00000136933,28.2258
HCFC1,ENSG00000037637,23.0126
HCFC1,ENSG00000165516,24.1379
HCFC1,ENSG00000124702,26.178
HCFC1,ENSG00000128607,23.5294
HCFC1,ENSG00000111727,53.0303
HCFC1,ENSG00000104731,22.5
HCFC1,ENSG00000197776,22.9064
HMGB1,ENSG00000124097,94.7867
HMGB1,ENSG00000176256,40.8602
HMGB1,ENSG00000029993,73.5
HMGB1,ENSG00000164104,79.4258
ACSL4,ENSG00000164398,28.6704
ACSL4,ENSG00000151726,29.2264
ACSL4,ENSG00000130377,21.9219
ACSL4,ENSG00000197142,29.8682
ACSL4,ENSG00000123983,62.5
CSE1L,ENSG00000133704,20.6365
CSE1L,ENSG00000205339,20.1349
FHL1,ENSG00000244414,71.8182
FHL1,ENSG00000080910,55.1852
FHL1,ENSG00000091583,22.029
FHL1,ENSG00000134389,53.2513
FHL1,ENSG00000134365,33.91
FHL1,ENSG00000123843,21.4286
FHL1,ENSG00000143278,30.8623
FHL1,ENSG00000102359,21.9355
FHL1,ENSG00000101955,21.3362
FHL1,ENSG00000116785,67.2727
CD38,ENSG00000109743,32.3899
TNFAIP3,ENSG00000264522,20.9964
STAT3,ENSG00000173757,28.2084
STAT3,ENSG00000166888,21.6057
STAT3,ENSG00000126561,27.5819
STAT3,ENSG00000138378,48.262
STAT3,ENSG00000115415,52.1333
STAT3,ENSG00000170581,34.6651
ABL1,ENSG00000143322,51.6074
ABL1,ENSG00000060140,24.1706
ABL1,ENSG00000103653,40.6667
ABL1,ENSG00000165025,26.9291
ABL1,ENSG00000151422,21.4112
ABL1,ENSG00000125508,35.6557
ABL1,ENSG00000113263,29.1935
ABL1,ENSG00000111816,39.2079
ABL1,ENSG00000115085,26.979
ABL1,ENSG00000010671,28.8316
ABL1,ENSG00000101213,37.0288
ABL1,ENSG00000007264,34.3195
ABL1,ENSG00000254087,38.2812
ABL1,ENSG00000000938,39.1304
ABL1,ENSG00000176105,38.3057
ABL1,ENSG00000101336,38.7833
ABL1,ENSG00000074966,33.2068
ABL1,ENSG00000197122,38.6194
ABL1,ENSG00000102010,24.7407
ABL1,ENSG00000010810,38.9199
ABL1,ENSG00000182866,40.8644
ABL1,ENSG00000135605,30.1109
ABL1,ENSG00000174292,22.0877
ABL1,ENSG00000136573,40.0
ABL1,ENSG00000182511,20.9246
KIT,ENSG00000066468,27.0402
KIT,ENSG00000160867,25.9352
KIT,ENSG00000128052,21.4602
KIT,ENSG00000113721,29.3852
KIT,ENSG00000122025,28.9023
KIT,ENSG00000102755,21.8984
KIT,ENSG00000037280,20.8364
KIT,ENSG00000182578,38.8889
KIT,ENSG00000068078,27.5434
KIT,ENSG00000163785,22.57
KIT,ENSG00000134853,31.3131
KIT,ENSG00000077782,27.2506
HERC1,ENSG00000136144,21.6573
HERC1,ENSG00000274523,26.9397
HERC1,ENSG00000166965,29.7872
HERC1,ENSG00000180198,35.1544
HERC1,ENSG00000136161,20.3267
HERC1,ENSG00000179051,23.1801
BCR,ENSG00000159842,66.8219
MLLT3,ENSG00000130382,54.7406
BCL7A,ENSG00000099385,34.5622
BCL7A,ENSG00000106635,46.5347
HMGCS1,ENSG00000134240,62.4016
PTBP1,ENSG00000119314,77.6718
PTBP1,ENSG00000117569,75.3296
PTBP1,ENSG00000104824,26.9949
PTBP1,ENSG00000143889,27.1218
MERTK,ENSG00000066468,21.3155
MERTK,ENSG00000160867,20.5736
MERTK,ENSG00000092445,38.5393
MERTK,ENSG00000068078,20.8437
MERTK,ENSG00000163785,24.2175
MERTK,ENSG00000077782,20.5596
MERTK,ENSG00000198400,20.3518
MERTK,ENSG00000167601,41.7226
GNL3L,ENSG00000148824,24.8503
GNL3L,ENSG00000163938,31.5118
VAV3,ENSG00000160293,52.8474
VAV3,ENSG00000141968,58.6982
CLIP2,ENSG00000130779,32.9624
CLIP2,ENSG00000105270,20.841
HOXA3,ENSG00000197757,24.2553
HOXA3,ENSG00000164438,20.2749
HOXA3,ENSG00000170166,30.9804
HOXA3,ENSG00000197576,22.8125
HOXA3,ENSG00000120075,24.9071
HOXA3,ENSG00000180806,24.6154
HOXA3,ENSG00000170689,25.2
HOXA3,ENSG00000198353,25.7576
HOXA3,ENSG00000037965,21.4876
HOXA3,ENSG00000260027,27.1889
HOXA3,ENSG00000120068,22.2222
HOXA3,ENSG00000180613,22.6974
HOXA3,ENSG00000139515,33.2155
HOXA3,ENSG00000105996,24.734
HOXA3,ENSG00000122592,26.087
HOXA3,ENSG00000182742,29.4821
HOXA3,ENSG00000105991,21.4925
HOXA3,ENSG00000175879,20.6897
HOXA3,ENSG00000128652,51.3889
HOXA3,ENSG00000120093,53.1323
HOXA3,ENSG00000108511,26.3393
HOXA3,ENSG00000115297,21.1268
HOXA3,ENSG00000172789,25.6757
HOXA3,ENSG00000106004,24.4444
HOXA3,ENSG00000173917,27.2472
HOXA3,ENSG00000106006,24.8927
HOXA3,ENSG00000120094,22.9236
RELA,ENSG00000104856,31.4335
RELA,ENSG00000162924,35.7751
CD86,ENSG00000121594,22.9167
GATA2,ENSG00000141448,25.8824
GATA2,ENSG00000130700,35.2645
GATA2,ENSG00000136574,32.7314
GATA2,ENSG00000107485,66.4414
GATA2,ENSG00000102145,40.4358
GADD45G,ENSG00000099860,55.625
GADD45G,ENSG00000116717,55.1515
GADD45A,ENSG00000130222,57.2327
GADD45A,ENSG00000099860,56.25
EXO1,ENSG00000168496,21.8421
TNF,ENSG00000226979,28.7805
TNF,ENSG00000227507,21.3115
TNF,ENSG00000181634,23.9044
SLC16A1,ENSG00000174326,28.8591
SLC16A1,ENSG00000163053,24.5098
SLC16A1,ENSG00000141526,43.871
SLC16A1,ENSG00000170190,26.3366
SLC16A1,ENSG00000152779,26.3566
SLC16A1,ENSG00000100156,37.1032
SLC16A1,ENSG00000118596,59.8326
SLC16A1,ENSG00000168679,22.1766
SLC16A1,ENSG00000165449,21.611
SLC16A1,ENSG00000174327,30.7512
SLC16A1,ENSG00000108932,27.3423
SLC16A1,ENSG00000112394,21.7476
AHR,ENSG00000063438,29.2683
SPHK1,ENSG00000063176,29.3578
NRAS,ENSG00000270885,23.1527
NRAS,ENSG00000100302,24.4361
NRAS,ENSG00000006451,45.1456
NRAS,ENSG00000168256,26.7016
NRAS,ENSG00000197885,27.6042
NRAS,ENSG00000128045,21.371
NRAS,ENSG00000106615,33.1522
NRAS,ENSG00000152214,39.6313
NRAS,ENSG00000133703,85.1064
NRAS,ENSG00000144118,44.1748
NRAS,ENSG00000100276,22.1675
NRAS,ENSG00000122035,22.7273
NRAS,ENSG00000167550,33.3333
NRAS,ENSG00000143622,41.5525
NRAS,ENSG00000126458,45.8716
NRAS,ENSG00000165023,33.6683
NRAS,ENSG00000133818,50.4902
NRAS,ENSG00000134533,32.1608
NRAS,ENSG00000181467,44.8087
NRAS,ENSG00000176490,33.8384
NRAS,ENSG00000158186,45.6731
NRAS,ENSG00000162595,23.1441
NRAS,ENSG00000108551,22.0641
NRAS,ENSG00000111404,24.5098
NRAS,ENSG00000116473,51.087
NRAS,ENSG00000127314,51.6304
NRAS,ENSG00000187682,39.485
NRAS,ENSG00000174775,85.1852
NRAS,ENSG00000125249,44.2623
NRAS,ENSG00000123728,44.2623
CD80,ENSG00000114013,20.0608
KRAS,ENSG00000270885,24.1379
KRAS,ENSG00000100302,25.188
KRAS,ENSG00000006451,46.1165
KRAS,ENSG00000168256,26.7016
KRAS,ENSG00000197885,27.6042
KRAS,ENSG00000128045,22.1774
KRAS,ENSG00000106615,33.6957
KRAS,ENSG00000152214,41.0138
KRAS,ENSG00000144118,45.6311
KRAS,ENSG00000100276,22.6601
KRAS,ENSG00000122035,22.7273
KRAS,ENSG00000213281,84.6561
KRAS,ENSG00000167550,33.3333
KRAS,ENSG00000143622,42.0091
KRAS,ENSG00000126458,45.4128
KRAS,ENSG00000165023,36.1809
KRAS,ENSG00000133818,52.451
KRAS,ENSG00000134533,32.6633
KRAS,ENSG00000181467,46.4481
KRAS,ENSG00000176490,34.3434
KRAS,ENSG00000158186,47.5962
KRAS,ENSG00000162595,24.4541
KRAS,ENSG00000108551,24.1993
KRAS,ENSG00000111404,23.5294
KRAS,ENSG00000116473,53.8043
KRAS,ENSG00000127314,53.2609
KRAS,ENSG00000187682,37.3391
KRAS,ENSG00000174775,86.2434
KRAS,ENSG00000125249,45.3552
KRAS,ENSG00000123728,43.7158
CALCRL,ENSG00000144407,22.5455
CALCRL,ENSG00000114812,27.5711
CALCRL,ENSG00000106018,26.2557
CALCRL,ENSG00000065325,20.7957
CALCRL,ENSG00000106128,25.2955
CALCRL,ENSG00000215644,24.9476
CALCRL,ENSG00000080293,28.4091
CALCRL,ENSG00000160801,23.2715
CALCRL,ENSG00000078549,25.4274
CALCRL,ENSG00000004948,53.1646
CALCRL,ENSG00000106113,22.871
CALCRL,ENSG00000120088,23.6145
CALCRL,ENSG00000112164,24.622
CALCRL,ENSG00000010310,26.3948
SOX11,ENSG00000171056,21.6495
SOX11,ENSG00000182968,20.4604
SOX11,ENSG00000125285,25.3623
SOX11,ENSG00000184895,25.9804
SOX11,ENSG00000168875,28.75
SOX11,ENSG00000129194,29.6137
SOX11,ENSG00000124766,38.6076
SOX11,ENSG00000181449,24.9211
SOX11,ENSG00000203883,20.8333
SOX11,ENSG00000177732,42.2222
SOX2,ENSG00000182968,51.4067
SOX2,ENSG00000125285,40.5797
SOX2,ENSG00000184895,37.2549
SOX2,ENSG00000134595,42.8251
SOX2,ENSG00000168875,47.0833
SOX2,ENSG00000129194,43.7768
SOX2,ENSG00000203883,21.0938
SOX2,ENSG00000177732,23.1746
CARD10,ENSG00000141527,26.8924
CARD10,ENSG00000187796,36.5672
CARD10,ENSG00000198286,34.2288
OVOL2,ENSG00000172818,52.0599
OVOL2,ENSG00000105261,50.5263
SOX9,ENSG00000171056,24.4845
SOX9,ENSG00000176887,20.1814
SOX9,ENSG00000182968,20.4604
SOX9,ENSG00000005513,52.2422
SOX9,ENSG00000125285,27.8986
SOX9,ENSG00000184895,27.451
SOX9,ENSG00000164736,24.1546
SOX9,ENSG00000168875,31.25
SOX9,ENSG00000129194,34.3348
SOX9,ENSG00000181449,26.8139
SOX9,ENSG00000203883,23.9583
SOX9,ENSG00000177732,25.0794
SOX9,ENSG00000100146,56.4378
SRY,ENSG00000125285,24.6377
SRY,ENSG00000168875,27.5
SRY,ENSG00000129194,27.4678
SRY,ENSG00000181449,23.9748
CXCL10,ENSG00000124875,24.5614
CXCL10,ENSG00000169248,29.7872
CXCL10,ENSG00000163736,20.3125
CXCL10,ENSG00000156234,25.6881
CXCL10,ENSG00000081041,24.2991
CXCL10,ENSG00000163739,22.4299
CXCL10,ENSG00000169429,25.2525
CXCL10,ENSG00000138755,29.6
CXCL10,ENSG00000163737,24.7525
CXCL10,ENSG00000109272,24.0385
CCL2,ENSG00000172156,71.134
CCL2,ENSG00000108688,73.7374
CCL2,ENSG00000181374,65.3061
CCL2,ENSG00000108700,68.6869
CCL2,ENSG00000143185,24.5614
CCL2,ENSG00000143184,24.5614
CCL2,ENSG00000137077,25.3731
CCL2,ENSG00000172724,22.449
CCL2,ENSG00000115009,23.9583
CCL2,ENSG00000275718,27.4336
CCL2,ENSG00000006606,27.6596
CCL2,ENSG00000275302,34.7826
CCL2,ENSG00000271503,28.5714
CCL2,ENSG00000276409,27.957
CCL2,ENSG00000102970,24.4681
CCL2,ENSG00000108702,30.2083
CCL2,ENSG00000276085,36.5591
CCL2,ENSG00000275152,25.8333
CCL2,ENSG00000275385,30.3371
CCL2,ENSG00000102962,25.8065
CCL2,ENSG00000277632,34.7826
CCL2,ENSG00000274736,25.5474
CCL2,ENSG00000106178,26.0504
CCL2,ENSG00000276070,34.4828
MITF,ENSG00000105967,46.9741
MITF,ENSG00000112561,46.4286
MITF,ENSG00000068323,48.3478
ICAM1,ENSG00000105376,26.4069
ICAM1,ENSG00000108622,29.4545
ICAM1,ENSG00000105371,26.1993
ICAM1,ENSG00000076662,45.521
SLC8A1,ENSG00000118160,66.5581
SLC8A1,ENSG00000100678,71.0098
FGFR1,ENSG00000066468,71.2546
FGFR1,ENSG00000160867,55.985
FGFR1,ENSG00000113721,21.0669
FGFR1,ENSG00000157404,22.9508
FGFR1,ENSG00000182578,21.9136
FGFR1,ENSG00000068078,62.531
FGFR1,ENSG00000163785,24.7117
FGFR1,ENSG00000134853,20.6612
FGFR1,ENSG00000198400,20.2261
AURKB,ENSG00000087586,52.3573
AURKB,ENSG00000105146,76.3754
RAD51,ENSG00000108384,25.0
RAD51,ENSG00000100206,53.5294
RAD51,ENSG00000182185,23.1429
RAD51,ENSG00000185379,21.0366
RAD51,ENSG00000126215,22.2543
