row,col
4632,188
4632,3052
4632,8009
8074,6918
8074,5850
8074,8083
3391,17296
3391,1451
3391,3361
3391,3362
3391,501
3391,9289
3391,8289
3391,3243
3391,18466
3391,8515
3391,10647
3391,8968
3391,18351
3391,4502
3391,3394
3391,8712
3391,11369
3391,9488
3391,8659
3391,3375
3391,3365
3391,3378
3391,3399
3391,3370
3391,3907
3391,15245
3391,4518
3391,3373
3370,4419
3370,14530
3370,9480
3370,3517
3370,10647
3370,15336
3370,13959
3370,8306
3370,11949
3370,3500
3370,19313
3370,12801
3370,19628
3370,5162
3370,17879
3370,14884
3370,6918
3370,7540
3370,3564
3370,11670
3370,11893
3370,5578
3370,5150
3370,17825
3370,1165
3370,15949
3370,10640
3370,8305
3370,18354
3370,5850
3370,453
3370,3230
3370,10539
3370,4247
3370,102
3370,6914
3370,3270
3370,14710
3370,14711
3370,7846
3370,3520
3370,5296
3370,9289
3370,15302
3370,14189
3370,1311
3370,8000
3370,3363
3370,3908
3370,7866
3370,3375
3370,8659
3370,8763
3370,19606
3370,6583
3370,11777
3370,11229
3370,15386
3370,3378
3370,10930
3370,18466
3370,1442
3370,5650
3370,9479
3370,9174
3370,3907
3370,3269
3370,14236
3370,1451
3370,17912
3370,17299
3370,1440
3370,501
3370,3243
3370,4502
3370,17298
3370,3361
3370,3362
3370,17296
3370,3365
3370,8712
3370,3373
3370,3394
3370,3399
3370,8515
3370,18351
3370,8289
3370,8447
3370,4518
14743,12801
14743,18466
14743,4478
14743,19313
14743,14459
14743,11229
14743,14735
14743,3919
14743,3711
14743,14460
14743,1273
14743,11073
14743,5814
14743,14745
14743,12950
1450,1442
1450,18466
1450,17298
1450,3269
1450,18351
1450,4247
1450,18354
1450,7767
1450,5296
1450,501
1450,1440
1450,11229
1450,8289
1450,7540
1450,1451
1450,17296
1450,8515
1450,14710
1450,14711
1450,11670
15531,2912
15531,338
15531,3230
13779,3517
13779,1440
13779,8968
13779,18354
13779,11661
13779,18466
13779,6839
13779,5296
13779,17879
13779,1147
16070,18354
16070,16153
16070,15302
15949,17825
15949,18480
15949,15646
15949,8305
15949,5578
15949,19628
15949,8763
15949,6802
15949,14531
15949,16950
15949,9289
15949,15951
15949,19338
15949,12163
15949,7118
15949,7737
15949,10823
15949,1273
15949,3500
15949,8289
15949,13832
15949,8306
15949,5150
15949,11893
15949,4518
15949,11777
15949,7824
15949,8968
15949,3230
15949,1442
15949,19133
15949,13923
15949,19259
15949,8384
15949,11071
15949,6839
15949,3243
15949,6664
15949,14530
15949,14884
15949,10539
15949,5347
15949,15737
15949,3520
15949,16960
15949,14460
15949,8000
15949,13883
15949,10687
15949,3363
15949,10570
15949,18351
15949,3564
15949,3517
15949,3269
15949,8515
15949,11661
15949,1440
15949,14189
15949,7540
15949,10376
15949,13527
15949,8187
15949,4247
15949,7767
15949,3711
15949,17296
15949,1451
15949,12801
15949,11229
15949,501
15949,7765
15949,5359
15949,7866
15949,1401
15949,5850
15949,3365
15949,6809
15949,11369
15949,1165
15949,14710
15949,18466
5459,18466
5459,12801
5459,1440
5459,4328
14711,3907
14711,4518
14711,8763
14711,7866
14711,17299
14711,19628
14711,3269
14711,1451
14711,8712
14711,4502
14711,437
14711,3399
14711,19259
14711,17298
14711,7540
14711,1440
14711,501
14711,3394
14711,11229
14711,14884
14711,1442
14711,8659
14711,3243
14711,8289
14711,18466
14711,8515
14711,17296
14711,18354
14711,18351
14711,5850
14711,11670
14711,14710
7846,17631
7846,3399
7846,17879
7846,5578
7846,6914
7846,3394
7846,1442
7846,16950
7846,10848
7846,15336
7846,8712
7846,1548
7846,3500
7846,7540
7846,8289
7846,3269
7846,4502
7846,3520
7846,1311
7846,17912
7846,14189
7846,1440
7846,18466
7846,7866
7846,14236
7846,11229
7846,8763
7846,3362
7846,3041
7846,3243
7846,18351
7846,11949
7846,6583
7846,4518
7846,6461
7846,17296
7846,9289
7846,8515
7846,501
7846,9174
7846,8384
7846,3373
7846,10647
11369,8305
11369,8306
11369,8289
11369,11229
11369,18466
11369,3363
11369,17296
11369,10539
11369,501
11369,7866
11369,4502
11369,12801
11369,3243
11369,18351
11369,8515
11369,3365
11369,15951
3919,5578
10930,8763
10930,11893
10930,4518
10930,11220
10930,7866
10930,3564
10930,3399
10930,18466
10930,14530
10930,102
10930,3363
10930,11661
10930,17296
10930,11777
10930,501
10930,6583
10930,3365
10930,1440
10930,6918
10930,4502
10930,3243
10930,9174
10930,3362
10930,3361
10930,8289
10930,8000
10930,8712
10930,18351
10930,8515
10930,15302
3243,17879
3243,17059
3243,9289
3243,14884
3243,3230
3243,10665
3243,9479
3243,12117
3243,453
3243,338
3243,5650
3243,3564
3243,3520
3243,5296
3243,6740
3243,7540
3243,17299
3243,1442
3243,17298
3243,14530
3243,3361
3243,10640
3243,10848
3243,15336
3243,4247
3243,3375
3243,11670
3243,3365
3243,1311
3243,3517
3243,14189
3243,5578
3243,3907
3243,18354
3243,14236
3243,11661
3243,18466
3243,8763
3243,1440
3243,3362
3243,8659
3243,8000
3243,3269
3243,11229
3243,11777
3243,3363
3243,9174
3243,7866
3243,3394
3243,501
3243,3399
3243,17912
3243,8447
3243,8712
3243,7189
3243,1147
3243,3373
3243,17296
3243,8289
3243,4502
3243,18351
3243,8515
3243,14710
3243,4518
3365,17825
3365,2912
3365,1453
3365,12801
3365,10539
3365,17299
3365,3269
3365,14530
3365,17298
3365,11893
3365,17296
3365,8763
3365,9479
3365,3363
3365,15302
3365,3375
3365,8289
3365,102
3365,4502
3365,3378
3365,501
3365,5650
3365,6583
3365,18351
3365,1451
3365,11229
3365,9174
3365,1440
3365,18466
3365,3373
3365,4518
3365,8515
3365,3394
3365,8712
3365,3041
3365,3361
3365,3399
3365,15951
3365,3362
3269,7767
3269,11220
3269,17879
3269,6583
3269,17193
3269,17912
3269,11073
3269,10740
3269,8305
3269,6918
3269,19606
3269,1311
3269,10848
3269,11670
3269,10791
3269,14236
3269,14530
3269,13479
3269,7120
3269,1548
3269,8289
3269,1459
3269,13962
3269,1296
3269,6839
3269,2979
3269,1401
3269,3362
3269,13959
3269,8968
3269,16447
3269,7119
3269,16960
3269,10376
3269,16943
3269,3711
3269,17299
3269,17298
3269,5850
3269,11893
3269,6461
3269,3564
3269,7118
3269,10647
3269,18351
3269,11661
3269,18480
3269,19628
3269,8384
3269,3373
3269,4518
3269,5150
3269,14460
3269,12801
3269,6664
3269,15302
3269,102
3269,9174
3269,8515
3269,11949
3269,14710
3269,16950
3269,3230
3269,1442
3269,9289
3269,10539
3269,8763
3269,14189
3269,1451
3269,7866
3269,7765
3269,501
3269,10570
3269,5359
3269,3270
3269,18466
3269,4247
3269,1440
3269,11229
3269,17296
3269,7540
3269,12950
3269,3520
3269,3500
3269,3517
7118,5347
7118,8515
7118,8384
7118,4518
7118,3362
7118,10570
7118,6461
7118,5850
7118,7866
7118,19259
7118,3520
7118,18351
7118,3270
7118,14189
7118,7767
7118,3500
7118,19628
7118,9174
7118,9289
7118,13923
7118,7540
7118,3373
7118,1440
7118,6664
7118,16960
7118,1548
7118,18466
7118,16950
7118,501
7118,11229
7118,17296
7118,7120
7118,7119
7118,16447
12118,8515
12118,18351
12118,4502
12118,15386
12118,8659
12118,12117
7824,8763
7824,11229
7824,17296
7824,12801
15245,7226
11073,15737
11073,9174
11073,12086
11073,5850
11073,10570
11073,7765
11073,1311
11073,18451
11073,3500
11073,5359
11073,14735
11073,14459
11073,501
11073,3517
11073,3520
11073,7767
11073,11949
11073,8000
11073,12801
11073,14189
11073,10740
11073,9289
11073,12163
11073,11229
11073,1273
11073,3711
11073,14745
11073,14460
11073,12950
11073,18466
11073,5814
5296,3517
5296,14189
5296,6841
5296,6839
5296,17296
5296,3375
5296,10539
5296,1440
5296,11661
5296,18354
5296,4247
5296,18466
5296,501
5296,7866
5296,18351
5296,11229
5296,8515
6583,12801
6583,8968
6583,1465
6583,8763
6583,3394
6583,7866
6583,10570
6583,11777
6583,18351
6583,3908
6583,102
6583,8384
6583,1442
6583,3373
6583,10647
6583,4518
6583,11229
6583,8515
6583,12086
6583,6918
6583,14189
6583,14175
6583,10539
6583,1296
6583,1440
6583,8083
6583,5850
6583,3399
6583,1352
6583,501
6583,10823
6583,18466
6583,3520
6583,8712
6583,14530
6583,3361
6583,19606
6583,8306
6583,5797
6583,8305
6583,15302
6583,5150
6583,3041
6583,17825
6583,1131
6583,9289
6583,3362
6583,14236
6583,11949
6583,11893
6583,17298
6583,17299
6583,17296
6583,3564
437,14710
1548,17912
1548,3564
1548,18351
1548,17193
1548,15302
1548,8384
1548,18466
1548,7866
1548,13959
1548,19606
1548,3373
1548,6918
1548,6461
1548,9174
1548,4518
1548,17296
1548,7119
1548,7120
1548,501
1548,7540
1548,11229
1548,16447
1548,8515
1548,16960
1548,16950
1548,3362
1548,17879
1548,1556
16960,6664
16960,4247
16960,17879
16960,1440
16960,1556
16960,5850
16960,3520
16960,6461
16960,9174
16960,14189
16960,18351
16960,3230
16960,15302
16960,4518
16960,9289
16960,16447
16960,7120
16960,7119
16960,501
16960,18466
16960,7866
16960,3362
16960,11229
16960,8384
16960,10791
16960,17296
16960,3373
16960,8515
16960,3564
16960,7540
16960,17193
16960,19606
16447,8384
16447,9174
16447,14189
16447,3373
16447,3270
16447,9289
16447,1440
16447,11229
16447,18466
16447,7540
16447,16950
16447,501
16447,102
16447,7189
16447,7120
16447,7119
6841,17296
6841,8515
6841,3520
6841,3517
6841,18466
6841,6839
6841,12950
14530,3517
14530,6839
14530,6918
14530,9289
14530,7866
14530,4502
14530,18451
14530,11949
14530,6740
14530,8083
14530,11661
14530,8306
14530,1440
14530,8712
14530,17825
14530,6461
14530,8305
14530,12801
14530,14884
14530,10570
14530,8289
14530,5359
14530,5797
14530,12086
14530,4247
14530,19606
14530,18466
14530,3361
14530,3362
14530,17296
14530,1131
14530,9174
14530,1451
14530,19259
14530,10823
14530,4419
14530,11229
14530,8968
14530,17298
14530,5150
14530,102
14530,7765
14530,1465
14530,501
14530,17299
14530,5850
14530,15302
14530,3564
14530,11893
14530,14532
14530,14531
14530,13527
9289,8712
9289,7119
9289,14460
9289,10791
9289,6664
9289,7120
9289,4247
9289,3362
9289,16153
9289,1296
9289,3230
9289,4419
9289,19306
9289,4518
9289,19628
9289,1165
9289,17298
9289,12163
9289,16015
9289,17879
9289,17299
9289,13923
9289,9177
9289,3564
9289,15737
9289,3711
9289,16950
9289,11661
9289,8968
9289,1311
9289,3517
9289,5359
9289,17059
9289,7540
9289,10740
9289,7866
9289,10539
9289,12801
9289,15302
9289,3373
9289,5150
9289,17825
9289,10570
9289,5850
9289,3270
9289,1131
9289,14710
9289,102
9289,8306
9289,18351
9289,16048
9289,3500
9289,19606
9289,8305
9289,5797
9289,11893
9289,17296
9289,8515
9289,8763
9289,1440
9289,11229
9289,501
9289,7189
9289,8289
9289,14189
9289,11949
9289,18466
9289,14236
9289,8384
9289,9174
9289,10647
9289,6461
9289,1442
9289,3520
19338,15646
19338,3711
19338,5359
19338,8555
19338,14189
19338,17296
19338,8305
19338,4518
19338,10570
19338,11229
19338,8763
19338,3520
19338,501
19338,18466
19338,1442
19338,14884
19338,7866
9177,3041
9177,11949
9177,14236
9177,6461
3500,8968
3500,15737
3500,17299
3500,10376
3500,1401
3500,10647
3500,17298
3500,13923
3500,14745
3500,6839
3500,14236
3500,8306
3500,10740
3500,3362
3500,18351
3500,5814
3500,15386
3500,11893
3500,18451
3500,8515
3500,3373
3500,10791
3500,8305
3500,16950
3500,8763
3500,14710
3500,19628
3500,10539
3500,1459
3500,1296
3500,8384
3500,7866
3500,3230
3500,5850
3500,17296
3500,3711
3500,1442
3500,1273
3500,501
3500,5150
3500,6664
3500,102
3500,12801
3500,7540
3500,1440
3500,11949
3500,14189
3500,10570
3500,14460
3500,5359
3500,11229
3500,18466
3500,3564
3500,12950
3500,3520
3500,3270
3500,3517
10570,11661
10570,5150
10570,6664
10570,15302
10570,3230
10570,13923
10570,14460
10570,16950
10570,8515
10570,1401
10570,10647
10570,1273
10570,19606
10570,3373
10570,15951
10570,5347
10570,8763
10570,10740
10570,3270
10570,19313
10570,1147
10570,8306
10570,6461
10570,3362
10570,7765
10570,17298
10570,12086
10570,7814
10570,12950
10570,3041
10570,9174
10570,8305
10570,1296
10570,11949
10570,18351
10570,4247
10570,12801
10570,7767
10570,7540
10570,15336
10570,17296
10570,14710
10570,10539
10570,1442
10570,11229
10570,6839
10570,4478
10570,102
10570,14189
10570,19628
10570,13527
10570,5850
10570,1440
10570,11893
10570,3517
10570,8384
10570,3711
10570,7866
10570,5359
10570,18480
10570,501
10570,19259
10570,3520
10570,18466
8160,6461
8160,8152
14884,14425
14884,14532
14884,453
14884,3041
14884,10539
14884,17059
14884,17296
14884,1442
14884,3517
14884,8000
14884,8515
14884,1156
14884,501
14884,1440
14884,11661
14884,18466
14884,12801
14884,19133
14884,11670
14884,14710
14884,8659
14884,11777
14884,1165
14884,12208
14884,19628
14884,18354
14884,18351
17912,8384
17912,1440
17912,10640
17912,8712
17912,10740
17912,15336
17912,3362
17912,4518
17912,14189
17912,17879
17912,10848
17912,16950
17912,3517
17912,5578
17912,6918
17912,17296
17912,15302
17912,18351
17912,501
17912,6914
17912,7866
17912,10647
17912,3520
17912,1311
17912,8289
17912,11229
17912,18466
17912,3373
17912,8515
17912,3375
17912,3363
3270,10740
3270,14710
3270,8384
3270,6664
3270,10647
3270,9174
3270,16950
3270,17299
3270,13959
3270,8515
3270,17298
3270,7866
3270,5850
3270,14531
3270,8306
3270,10539
3270,3373
3270,11893
3270,17296
3270,1442
3270,11949
3270,7119
3270,18466
3270,501
3270,15302
3270,11229
3270,14189
3270,102
3270,8763
3270,5359
3270,1451
3270,1440
3270,7540
3270,12950
3270,3520
3270,3517
3361,501
3361,17299
3361,5650
3361,5150
3361,17298
3361,10823
3361,5797
3361,18466
3361,17825
3361,8763
3361,3564
3361,8289
3361,17296
3361,19606
3361,1440
3361,1131
3361,8305
3361,8306
3361,3373
3361,4518
3361,18351
3361,15302
3361,11893
3361,8515
3361,3378
3361,3394
3361,102
3361,3399
3361,3375
3361,3363
3361,3041
3361,8712
3361,14236
3361,9174
3361,3362
4328,12801
4328,18466
3041,17299
3041,11601
3041,11949
3041,18351
3041,10376
3041,1311
3041,6461
3041,14189
3041,17298
3041,8515
3041,501
3041,8763
3041,8384
3041,17296
3041,14236
3041,9174
3041,1465
3041,102
3041,10647
3394,14710
3394,10640
3394,11777
3394,7866
3394,3378
3394,1442
3394,3908
3394,9480
3394,9174
3394,8763
3394,3363
3394,17299
3394,8659
3394,1440
3394,3375
3394,3907
3394,8000
3394,17298
3394,5650
3394,1451
3394,3362
3394,18466
3394,9479
3394,14236
3394,4518
3394,4502
3394,501
3394,17296
3394,3373
3394,8712
3394,8515
3394,18351
3394,8289
3394,3399
18451,14745
18451,1273
18451,12163
18451,14460
18451,5814
18451,1296
18451,11893
18451,10823
18451,14532
18451,12950
18451,18466
18451,12801
18451,4419
7765,1462
7765,12801
7765,1440
7765,11229
7765,18351
7765,14189
7765,17296
7765,8968
7765,12086
7765,6918
7765,4247
7765,501
7765,5150
7765,18466
7765,7540
7765,3517
7765,15951
7765,8000
7765,15646
7765,7767
7765,1147
7765,5850
7765,7866
7765,1451
17296,1131
17296,10791
17296,15951
17296,17193
17296,10640
17296,15336
17296,14532
17296,1540
17296,10740
17296,16943
17296,3907
17296,10848
17296,8306
17296,4419
17296,5650
17296,13140
17296,1401
17296,6918
17296,14531
17296,10376
17296,10017
17296,3375
17296,17059
17296,6418
17296,8305
17296,19259
17296,13527
17296,17825
17296,3363
17296,17879
17296,4222
17296,6839
17296,11949
17296,1311
17296,11777
17296,487
17296,1147
17296,8000
17296,1465
17296,6914
17296,1165
17296,3362
17296,3520
17296,18354
17296,7767
17296,19628
17296,3711
17296,6461
17296,12801
17296,102
17296,5150
17296,13962
17296,8659
17296,3230
17296,15302
17296,11661
17296,11893
17296,13959
17296,4518
17296,14189
17296,5359
17296,3373
17296,7540
17296,3399
17296,4502
17296,11670
17296,8712
17296,8289
17296,3564
17296,10539
17296,6664
17296,1451
17296,16950
17296,8384
17296,4247
17296,18351
17296,1442
17296,1440
17296,9174
17296,501
17296,5850
17296,10647
17296,14236
17296,3517
17296,8515
17296,11229
17296,14710
17296,7866
17296,18466
17296,17298
17296,17299
17296,8763
5150,1352
5150,17298
5150,5359
5150,12086
5150,8515
5150,7767
5150,17299
5150,12801
5150,4478
5150,8083
5150,19259
5150,10661
5150,3517
5150,10740
5150,1440
5150,501
5150,3052
5150,1296
5150,10823
5150,16950
5150,3362
5150,14236
5150,102
5150,14189
5150,15737
5150,4419
5150,8968
5150,4247
5150,5797
5150,9174
5150,6839
5150,3520
5150,6918
5150,19606
5150,8763
5150,3564
5150,11949
5150,11944
5150,15302
5150,8306
5150,11893
5150,8305
5150,18466
5150,1131
5150,17825
5150,11229
5150,5850
8289,14189
8289,3907
8289,4247
8289,19628
8289,7540
8289,3517
8289,5650
8289,6461
8289,8447
8289,17298
8289,10848
8289,5578
8289,12117
8289,12801
8289,1442
8289,11661
8289,8763
8289,9480
8289,3375
8289,11777
8289,10647
8289,8659
8289,8000
8289,11229
8289,1440
8289,9479
8289,9174
8289,7866
8289,18354
8289,501
8289,18466
8289,11670
8289,3363
8289,4518
8289,3362
8289,14710
8289,4502
8289,11949
8289,18351
8289,8515
8289,3399
8289,3373
8289,8712
7521,14460
14425,4696
14425,15646
14425,16048
14425,12208
14425,1165
14425,10376
14425,9480
14425,19313
14425,9479
4222,18466
4222,15386
4222,1465
4222,7737
4222,11893
4222,17298
4222,10665
4222,17299
4222,1459
4222,19703
4222,12086
4222,10661
4222,6461
4222,14175
13527,12117
13527,17299
13527,3711
13527,1440
13527,11220
13527,8659
13527,12086
13527,102
13527,14189
13527,3564
13527,3520
13527,17825
13527,14460
13527,14710
13527,15646
13527,19259
13527,501
13527,5850
13527,11893
13527,11229
13527,18466
13527,15302
18466,4735
18466,17059
18466,5578
18466,19703
18466,16153
18466,10848
18466,6809
18466,3363
18466,10665
18466,3408
18466,9480
18466,16943
18466,17193
18466,13959
18466,10823
18466,1147
18466,1540
18466,4502
18466,9479
18466,8712
18466,12208
18466,16048
18466,1311
18466,17879
18466,8961
18466,11670
18466,19133
18466,8083
18466,1459
18466,189
18466,8187
18466,15646
18466,6918
18466,1465
18466,10791
18466,12163
18466,3399
18466,5797
18466,7767
18466,14531
18466,14236
18466,5347
18466,4518
18466,11777
18466,14175
18466,14745
18466,10376
18466,3375
18466,6461
18466,8659
18466,17554
18466,7119
18466,3230
18466,3362
18466,5814
18466,18354
18466,19313
18466,14459
18466,8968
18466,7814
18466,1131
18466,8763
18466,17299
18466,15951
18466,17298
18466,17825
18466,13923
18466,1165
18466,11220
18466,10740
18466,8515
18466,11661
18466,8306
18466,6664
18466,10647
18466,9174
18466,15302
18466,4419
18466,19628
18466,15737
18466,8305
18466,8384
18466,18351
18466,3373
18466,11949
18466,4478
18466,16950
18466,5850
18466,1296
18466,102
18466,12950
18466,10539
18466,3564
18466,14710
18466,1451
18466,12801
18466,8555
18466,19606
18466,18480
18466,6802
18466,5359
18466,6839
18466,7540
18466,1401
18466,501
18466,15336
18466,1273
18466,11229
18466,11893
18466,8000
18466,4247
18466,7866
18466,3711
18466,1440
18466,1442
18466,3517
18466,19259
18466,3520
18466,14189
18466,14460
13883,6918
13883,3564
13479,8515
13479,501
13479,3564
13479,7767
13479,188
13479,9480
13479,3363
13832,11661
13832,11229
13832,7737
487,7540
487,18351
487,8515
487,11661
487,501
487,6802
487,13140
487,3052
487,488
487,492
4735,13140
4735,15386
4735,16153
4735,5650
4735,3408
9174,17879
9174,3230
9174,3517
9174,3375
9174,1451
9174,12801
9174,3399
9174,11220
9174,1311
9174,1442
9174,10539
9174,8083
9174,8384
9174,19306
9174,5797
9174,5850
9174,10647
9174,10823
9174,18351
9174,7866
9174,16950
9174,6918
9174,6418
9174,102
9174,1131
9174,3520
9174,8306
9174,11229
9174,19606
9174,3564
9174,3363
9174,8305
9174,1440
9174,8763
9174,14189
9174,11893
9174,15302
9174,8515
9174,10791
9174,17825
9174,3373
9174,8712
9174,1465
9174,501
9174,4518
9174,3362
9174,17298
9174,17299
9174,11949
9174,14236
1401,10376
1401,11229
1401,1147
1401,10687
1401,1165
1401,14189
1401,7866
1401,1540
1401,3230
1401,18351
1401,3517
1401,8515
1401,11661
1401,12801
1401,18480
1401,7540
1401,19628
1401,501
1401,3362
1401,1440
1401,1442
1401,10539
17299,10647
17299,12801
17299,3520
17299,5650
17299,1131
17299,19259
17299,11949
17299,7540
17299,4518
17299,14710
17299,3399
17299,7866
17299,3373
17299,8384
17299,3564
17299,6918
17299,8712
17299,14189
17299,8083
17299,3362
17299,10539
17299,11229
17299,18351
17299,1440
17299,1451
17299,5797
17299,11893
17299,4247
17299,17825
17299,8515
17299,501
17299,15302
17299,3517
17299,1442
17299,5850
17299,13959
17299,1465
17299,17298
17299,13962
17299,14236
17299,102
17299,8763
9488,18354
9488,4518
9488,8712
9488,3378
9488,5162
9488,9479
9488,9480
10640,3399
10640,8515
10640,3375
10640,18351
10640,1311
10640,3363
10640,8712
10640,6914
11893,10539
11893,1273
11893,10661
11893,14460
11893,14175
11893,10665
11893,6918
11893,16950
11893,8083
11893,8000
11893,14189
11893,19313
11893,8542
11893,6461
11893,8384
11893,6664
11893,10823
11893,14710
11893,8763
11893,6839
11893,1440
11893,5850
11893,1352
11893,3517
11893,1296
11893,102
11893,19606
11893,3362
11893,5797
11893,17825
11893,14236
11893,8306
11893,12086
11893,501
11893,8305
11893,17298
11893,3564
11893,11949
11893,15302
11893,11229
11893,1131
11893,12801
11893,4419
11893,3520
10665,3520
10665,14175
10665,8187
10665,14189
10665,501
10665,3230
10665,16950
10665,6664
10665,11229
10665,6740
10665,19703
10665,10661
17554,10823
17554,6918
15302,10539
15302,1465
15302,15737
15302,4518
15302,13140
15302,18351
15302,5359
15302,8515
15302,8968
15302,1451
15302,3517
15302,18354
15302,1352
15302,14189
15302,1440
15302,8712
15302,501
15302,4419
15302,12086
15302,3373
15302,16950
15302,8083
15302,4247
15302,8763
15302,11229
15302,19703
15302,3520
15302,5850
15302,10823
15302,8306
15302,8305
15302,3362
15302,19606
15302,11949
15302,17298
15302,14710
15302,17825
15302,102
15302,1131
15302,11220
15302,7866
15302,14236
15302,5797
15302,6918
15302,3564
1311,3907
1311,3363
1311,3375
1311,5850
1311,8712
1311,3399
1311,14236
1311,6461
1311,1440
1311,11229
1311,7866
1311,14189
1311,18351
1311,19306
1311,11949
1311,10791
1311,8515
1311,501
1311,10647
1311,3373
1311,8763
1311,6914
10740,3373
10740,11949
10740,5850
10740,16950
10740,7866
10740,3711
10740,10647
10740,18480
10740,14735
10740,1440
10740,501
10740,14460
10740,12950
10740,12801
10740,11229
10740,14531
10740,5814
10740,14189
10740,3517
10740,12163
10740,3520
10740,8306
10740,8305
13959,8712
13959,501
13959,18351
13959,8384
13959,14236
13959,8515
13959,17298
13959,8763
13959,13962
3907,8659
3907,453
3907,4502
3907,14236
3907,12685
3907,3908
3907,501
3907,11777
3907,3399
3907,8712
3907,8515
3907,18351
3907,3363
8447,4502
8447,8515
8447,18351
1465,14460
1465,11229
1465,8083
1465,6461
1465,6418
1465,10823
1465,17298
1465,102
4502,15386
4502,11670
4502,1440
4502,17298
4502,5650
4502,11229
4502,3363
4502,3362
4502,7866
4502,8000
4502,453
4502,501
4502,18354
4502,11777
4502,1442
4502,8763
4502,3373
4502,14710
4502,3399
4502,12117
4502,8712
4502,8659
4502,8515
4502,18351
4502,4518
12163,5850
12163,3711
12163,7866
12163,102
12163,15951
12163,14189
12163,5814
12163,14735
12163,14460
12163,12801
12163,12036
10848,10647
10848,10017
10848,4518
10848,18351
10848,7866
10848,3517
10848,8515
10848,5578
10848,501
10848,11229
10848,7189
10848,3373
7737,10823
7737,8968
7737,15737
7737,11229
7737,17825
7737,5359
7737,1131
3362,7540
3362,8384
3362,15336
3362,14236
3362,5650
3362,12086
3362,11220
3362,3378
3362,8306
3362,10647
3362,11949
3362,10539
3362,5578
3362,5850
3362,14189
3362,1451
3362,1442
3362,3375
3362,3520
3362,8305
3362,3230
3362,5797
3362,1556
3362,1131
3362,10823
3362,8083
3362,17298
3362,3564
3362,8763
3362,11229
3362,3517
3362,7866
3362,3399
3362,19606
3362,501
3362,16950
3362,17825
3362,18351
3362,1352
3362,3363
3362,6918
3362,102
3362,4518
3362,8515
3362,8712
3362,3373
3362,1440
1352,1131
1352,3564
1352,19606
17059,3363
17059,6802
17059,1440
17059,7866
17059,18351
17059,8515
17059,11949
17059,501
17059,16451
1296,1273
1296,8542
1296,1440
1296,14189
1296,15737
1296,12950
1296,3517
1296,7767
1296,5359
1296,12801
1296,12086
1296,19628
1296,5850
1296,14745
1296,3520
1296,11229
1296,14460
1296,19313
1296,5814
1296,6664
12086,11949
12086,11229
12086,5850
12086,15737
12086,19606
12086,16950
12086,1131
12086,4419
12086,19259
12086,10823
12086,5797
12086,102
12086,8083
10647,17298
10647,501
10647,6664
10647,6914
10647,10791
10647,10539
10647,5850
10647,16950
10647,1442
10647,7540
10647,3520
10647,1440
10647,8384
10647,7866
10647,18351
10647,11229
10647,12801
10647,14189
10647,4518
10647,8515
10647,8763
10647,14236
10647,11949
10647,3373
5850,4518
5850,4247
5850,12950
5850,1442
5850,1556
5850,3711
5850,5814
5850,6461
5850,7540
5850,10539
5850,18351
5850,3373
5850,8384
5850,6918
5850,14745
5850,1462
5850,7767
5850,8961
5850,3230
5850,10823
5850,14460
5850,8083
5850,18354
5850,3564
5850,14236
5850,14532
5850,12801
5850,102
5850,5797
5850,1440
5850,14531
5850,8515
5850,8306
5850,7866
5850,8305
5850,3517
5850,14189
5850,8763
5850,16950
5850,6664
5850,1451
5850,11949
5850,3520
5850,19606
5850,501
5850,17825
5850,17298
5850,19259
5850,14710
5850,4419
5850,5359
5850,8968
5850,11229
5850,1131
12685,8712
12685,5650
11071,4419
8542,12801
8542,1165
8542,3517
8542,11229
8542,501
8542,3052
8542,5650
16943,11229
16943,14189
16943,1451
16943,19606
8009,189
8009,11220
8009,188
16950,1147
16950,17879
16950,8763
16950,13140
16950,11944
16950,11661
16950,18480
16950,4247
16950,18351
16950,19606
16950,1442
16950,17825
16950,6918
16950,5347
16950,10791
16950,19703
16950,3517
16950,5359
16950,14175
16950,3230
16950,8515
16950,15737
16950,6664
16950,4478
16950,1451
16950,14532
16950,1440
16950,6461
16950,8305
16950,7540
16950,12801
16950,8384
16950,4518
16950,3564
16950,7119
16950,3520
16950,14189
16950,7120
16950,7866
16950,4419
16950,19259
16950,8968
16950,3373
16950,501
16950,11229
19133,1147
19133,1442
19133,10687
19133,14189
19133,11777
19133,7767
19133,9480
19133,9479
19133,1440
19133,11601
19133,12801
19133,12208
19133,13923
19133,1156
19133,6809
19133,10376
19133,1165
7540,5814
7540,3375
7540,19313
7540,15951
7540,17879
7540,17298
7540,4518
7540,11949
7540,1165
7540,10376
7540,3564
7540,19259
7540,102
7540,3520
7540,8763
7540,3517
7540,14236
7540,6664
7540,3373
7540,3230
7540,14710
7540,10791
7540,5359
7540,12801
7540,8384
7540,18351
7540,7866
7540,8515
7540,10539
7540,7767
7540,1440
7540,18354
7540,5347
7540,1442
7540,19628
7540,8187
7540,14189
7540,7119
7540,1147
7540,11661
7540,7120
7540,4247
7540,11229
7540,501
6418,11220
6418,8187
6914,3375
6914,18351
6914,9479
6914,3363
6914,8384
6914,8515
6914,501
8306,10823
8306,8083
8306,15737
8306,8961
8306,1440
8306,16048
8306,13140
8306,6461
8306,11229
8306,102
8306,501
8306,5797
8306,8968
8306,14236
8306,7866
8306,1428
8306,14189
8306,3520
8306,19606
8306,8763
8306,3564
8306,10575
8306,11949
8306,6802
8306,1131
8306,17825
8306,15951
8306,8305
3399,3230
3399,14710
3399,11229
3399,7866
3399,1442
3399,8763
3399,1440
3399,17298
3399,8659
3399,3375
3399,8000
3399,3908
3399,3378
3399,3363
3399,11777
3399,9480
3399,5650
3399,14236
3399,1451
3399,9479
3399,501
3399,4518
3399,3373
3399,8515
3399,8712
3399,18351
14531,12795
14531,18480
14531,3564
14531,6664
14531,4247
14531,4419
14531,3520
14531,14532
9479,3363
9479,4518
9479,11601
9479,1440
9479,11229
9479,16451
9479,8515
9479,19313
9479,1156
9479,501
9479,3373
9479,8712
9479,18351
9479,6809
9479,1165
9479,10376
9479,9480
1147,18351
1147,8515
1147,1165
1147,7866
1147,10376
1147,1440
1147,3564
1147,501
1147,11661
1147,4247
11777,3230
11777,10376
11777,15951
11777,8763
11777,18354
11777,8659
11777,1440
11777,11661
11777,3363
11777,11670
11777,501
11777,8712
11777,8000
11777,7767
11777,7866
11777,1156
11777,1165
11777,8515
11777,18351
11777,14710
11777,453
189,16048
189,3363
189,11661
189,188
11220,12801
11220,501
11220,102
11220,1440
11220,18351
11220,5359
11220,17298
11220,3564
11220,11229
11220,4247
11220,6918
5347,6664
5347,3052
5347,19259
5347,4247
16451,501
16451,18351
16451,3373
16451,5650
17298,8659
17298,19259
17298,12801
17298,3520
17298,8384
17298,11661
17298,4518
17298,4419
17298,7866
17298,14710
17298,3373
17298,3564
17298,8712
17298,8083
17298,6918
17298,10539
17298,1451
17298,18351
17298,4247
17298,5797
17298,11229
17298,1440
17298,14189
17298,17825
17298,8515
17298,3517
17298,501
17298,1442
17298,13962
17298,14236
17298,102
17298,8763
12117,453
12117,8712
12117,8763
12117,18351
12117,8515
12117,15386
12117,8659
6664,7119
6664,19703
6664,8384
6664,1451
6664,12801
6664,14745
6664,3230
6664,6740
6664,10661
6664,3520
6664,3517
6664,14189
6664,3564
6664,14710
6664,14460
6664,3373
6664,501
6664,3711
6664,1440
6664,7866
6664,5814
6664,11229
6664,5359
19259,18480
19259,4247
19259,453
19259,7119
19259,501
19259,4419
19259,102
19259,1451
19259,4478
19259,19313
19259,11601
19259,7767
19259,7866
19259,3711
19259,3520
19259,1462
19259,11229
19259,14710
19259,14189
8083,8305
8083,17825
8083,4419
8083,3520
8083,3564
8083,11229
8083,1131
8083,5797
8083,1440
8083,14189
8083,6918
8083,102
8083,4478
8083,10823
1273,3517
1273,501
1273,5578
1273,11229
1273,102
1273,5359
1273,3520
1273,12950
1273,12801
1273,14735
1273,14745
1273,14459
1273,14460
1273,5814
1273,3711
8000,8763
8000,3375
8000,3230
8000,11229
8000,19313
8000,10376
8000,1165
8000,11661
8000,7866
8000,453
8000,3520
8000,501
8000,1440
8000,12801
8000,11670
8000,8712
8000,14710
8000,18351
8000,3363
8000,8515
8000,4518
5359,14745
5359,19606
5359,8515
5359,18351
5359,11601
5359,102
5359,8384
5359,6839
5359,5814
5359,3230
5359,4419
5359,10539
5359,3711
5359,7866
5359,6918
5359,4247
5359,12950
5359,1442
5359,19628
5359,18480
5359,14710
5359,1440
5359,12801
5359,501
5359,14460
5359,14189
5359,3564
5359,3520
5359,3517
5359,11229
13923,10376
13923,7866
13923,1165
13923,19306
13923,14189
13923,10539
1540,10539
1540,1442
1540,1440
3908,8712
17631,6802
17631,1428
14175,7866
14175,1459
14175,3373
14175,11229
188,8305
188,11949
188,16048
188,3363
14735,14189
14735,14459
14735,14745
14735,3711
14735,5814
14735,14460
14735,12950
19313,16048
19313,6809
19313,8763
19313,9480
19313,4478
19313,3711
19313,14745
19313,11661
19313,4696
19313,10687
19313,1165
19313,7866
19313,12950
19313,11229
19313,14460
19313,11601
19313,501
19313,10376
19313,12208
19313,8187
19313,7767
5578,7866
5578,501
5578,8712
5578,3052
5578,18351
5578,8515
5578,3711
5578,17879
5578,3373
5578,10017
488,2912
488,6802
488,490
488,492
3375,8763
3375,7866
3375,8305
3375,11229
3375,501
3375,5650
3375,4518
3375,8515
3375,18351
3375,8712
3375,3373
3375,14236
3375,3363
5814,12795
5814,15386
5814,18480
5814,4478
5814,10478
5814,11229
5814,12801
5814,14459
5814,3711
5814,14745
5814,12950
5814,14460
12801,6839
12801,11670
12801,15646
12801,3373
12801,4247
12801,8305
12801,11949
12801,7767
12801,11661
12801,14745
12801,8763
12801,15951
12801,8384
12801,8515
12801,3520
12801,3230
12801,14459
12801,1165
12801,16361
12801,3564
12801,10376
12801,7866
12801,19628
12801,14189
12801,18351
12801,10539
12801,4478
12801,11229
12801,3711
12801,102
12801,1442
12801,501
12801,3517
12801,14460
12801,12950
12801,14710
12801,1440
12801,4419
12801,12795
453,8515
453,8659
453,18351
15336,17879
15336,8712
15336,7866
15336,4518
15336,8515
15336,501
15336,3373
15336,18351
10539,14236
10539,3711
10539,10687
10539,11661
10539,15951
10539,3230
10539,4247
10539,14710
10539,8384
10539,3373
10539,10376
10539,1451
10539,4518
10539,3520
10539,1165
10539,11949
10539,8763
10539,18351
10539,8515
10539,102
10539,14189
10539,1440
10539,19628
10539,7866
10539,3517
10539,11229
10539,501
10539,1442
1165,3520
1165,15951
1165,11661
1165,19703
1165,8515
1165,3230
1165,18351
1165,4247
1165,14189
1165,7866
1165,11229
1165,7767
1165,9480
1165,501
1165,12208
1165,10687
1165,1440
1165,10376
1165,1442
1165,6809
1165,1156
11949,4247
11949,7866
11949,3373
11949,6918
11949,16048
11949,3711
11949,10823
11949,1442
11949,3517
11949,16015
11949,15737
11949,8968
11949,14710
11949,3564
11949,10791
11949,11229
11949,102
11949,1440
11949,17825
11949,8305
11949,19606
11949,1131
11949,501
11949,5797
11949,8763
11949,14189
11949,7189
11949,14236
11949,8384
11949,6461
11949,3520
10575,13160
10575,8305
10575,6802
10575,11661
11670,8659
11670,1442
11670,19628
11670,3517
11670,1440
11670,501
11670,11229
11670,8515
11670,18354
11670,18351
11670,14710
19306,501
19306,3373
19306,14236
6839,18480
6839,14189
6839,8763
6839,501
6839,3520
6839,3711
6839,1451
6839,11229
6839,1440
6839,17825
6839,8515
6839,1442
6839,3517
6839,12950
19628,1556
19628,8968
19628,8763
19628,3517
19628,8384
19628,8515
19628,14710
19628,12208
19628,3520
19628,11229
19628,102
19628,18354
19628,7866
19628,17879
19628,18351
19628,14189
19628,1442
19628,501
19628,1440
5650,3363
5650,3230
5650,501
5650,4518
5650,16153
5650,7866
5650,3373
5650,8515
5650,8712
5650,18351
14189,10687
14189,1156
14189,7119
14189,4419
14189,8712
14189,10661
14189,4696
14189,1556
14189,2979
14189,5797
14189,18480
14189,10376
14189,3564
14189,1451
14189,7767
14189,17879
14189,17825
14189,19606
14189,10791
14189,15951
14189,4518
14189,8968
14189,15737
14189,3230
14189,18351
14189,14710
14189,102
14189,1442
14189,8515
14189,6461
14189,4247
14189,11661
14189,14236
14189,3373
14189,14460
14189,3517
14189,8763
14189,3711
14189,1440
14189,7866
14189,8305
14189,8384
14189,11229
14189,3520
14189,501
102,3373
102,501
102,4518
102,8712
102,7767
102,14710
102,1451
102,4247
102,18351
102,6918
102,17879
102,7866
102,14459
102,8384
102,8515
102,3564
102,14236
102,17825
102,19606
102,8305
102,10823
102,1440
102,1131
102,1442
102,3520
102,11229
102,3517
102,18480
102,14460
102,5797
3378,4518
3378,8712
3378,18351
3408,4478
3408,15386
3408,16153
4478,3711
4478,14745
4478,11229
4478,3517
4478,15386
4478,12950
1131,11229
1131,7767
1131,10823
1131,3520
1131,6918
1131,15737
1131,501
1131,14236
1131,19606
1131,3564
1131,8968
1131,5797
1131,8763
1131,8305
1131,17825
10478,3711
1442,7767
1442,6809
1442,3711
1442,1451
1442,11661
1442,18354
1442,3230
1442,4247
1442,8384
1442,10376
1442,1459
1442,3373
1442,4518
1442,6918
1442,7866
1442,3517
1442,14236
1442,8763
1442,14710
1442,8515
1442,3520
1442,10687
1442,11229
1442,18351
1442,18480
1442,501
1442,1440
7767,15737
7767,1462
7767,8968
7767,18351
7767,4247
7767,10376
7767,6809
7767,1440
7767,7120
7767,7119
7767,8763
7767,14710
7767,6918
7767,11229
7767,15951
7767,9480
7767,501
7767,7866
7767,3517
7767,8187
6918,17193
6918,1451
6918,8968
6918,17825
6918,19606
6918,5797
6918,501
6918,11229
6918,8763
6918,4419
6918,15646
6918,4247
6918,3564
8968,3564
8968,501
8968,8763
8968,5797
8968,19606
8968,14532
8968,3520
8968,8305
8968,17825
8968,11229
8968,4419
8968,8961
8968,15737
18480,7866
18480,1440
18480,1453
18480,3517
18480,3520
18480,11229
1462,14460
1462,10823
1462,1451
12208,11661
12208,10687
12208,1156
12208,18351
12208,6809
12208,10376
14459,12950
14459,14745
14459,3711
14459,14460
19606,15737
19606,3373
19606,8384
19606,8763
19606,1440
19606,7866
19606,14236
19606,5797
19606,3520
19606,11229
19606,501
19606,8305
19606,3564
19606,17825
19606,17193
12950,3520
12950,11229
12950,3711
12950,8384
12950,12795
12950,14460
12950,3517
12950,14745
10823,3520
10823,8763
10823,8712
10823,8305
10823,3564
10823,5797
10823,11229
10823,17825
492,490
492,491
491,6802
491,490
490,6802
490,11661
13140,11229
13140,7866
13140,501
13140,8305
13140,6802
13140,6740
8961,15737
8961,7866
8763,18354
8763,3363
8763,11661
8763,8659
8763,6461
8763,1451
8763,3373
8763,15737
8763,8712
8763,3230
8763,3564
8763,3520
8763,11229
8763,3517
8763,14710
8763,8305
8763,4247
8763,1440
8763,501
8763,7866
8763,18351
8763,5797
8763,4518
8763,17825
8763,8384
8763,8515
8763,13962
8763,14236
3711,7866
3711,501
3711,1440
3711,11229
3711,14745
3711,3520
3711,3517
3711,14460
15951,11229
15951,8305
15951,10376
15951,18351
15951,8515
15951,11661
15951,1440
15951,10687
15951,501
15951,7866
15951,4247
17193,7866
17193,3373
17193,501
17193,10791
17193,11229
17193,8384
10661,3230
10661,501
10661,11229
10661,6740
10661,19703
10017,501
10017,7866
1156,8515
1156,501
1156,7866
1156,18351
1156,1440
1156,18354
1156,9480
1156,10376
1156,6809
2912,338
14745,11229
14745,14460
6802,8515
6802,3052
6802,8712
6802,7866
6802,11229
6802,501
6802,18351
6802,11661
6802,8305
4696,16048
4696,501
4696,4518
16361,15386
7120,11229
7120,6461
7120,1556
7120,501
7120,7119
3230,3517
3230,3520
3230,4518
3230,4247
3230,8384
3230,11661
3230,3373
3230,10376
3230,7866
3230,11229
3230,18351
3230,8515
3230,501
3230,1440
5797,15737
5797,6461
5797,11229
5797,14236
5797,3520
5797,8305
5797,3564
5797,17825
8555,3520
8555,7866
8555,14710
12036,1440
11661,3052
11661,8384
11661,3373
11661,3363
11661,10376
11661,4247
11661,14710
11661,1440
11661,18351
11661,3520
11661,7866
11661,3517
11661,8515
11661,8305
11661,501
11661,11229
8659,5162
8659,501
8659,14236
8659,8712
8659,1451
8659,18354
8659,18351
8659,14710
8659,8515
8659,15386
1440,9480
1440,7814
1440,17879
1440,3363
1440,17825
1440,7119
1440,6461
1440,14236
1440,18354
1440,1556
1440,8305
1440,8712
1440,6809
1440,14460
1440,3564
1440,10791
1440,3373
1440,3520
1440,10376
1440,4518
1440,10687
1440,8384
1440,3517
1440,8515
1440,18351
1440,14710
1440,1451
1440,4247
1440,1459
1440,7866
1440,11229
1440,501
3052,18351
3052,1428
3052,501
11601,501
11601,17879
11601,8384
14710,4419
14710,1556
14710,14460
14710,1451
14710,8384
14710,8712
14710,4518
14710,3564
14710,18354
14710,17825
14710,3517
14710,501
14710,3520
14710,11229
14710,4247
14710,8515
14710,7866
14710,18351
1451,17825
1451,18354
1451,8712
1451,3520
1451,501
1451,18351
1451,1453
1451,8515
1451,7866
1451,3517
1451,3373
1451,4518
1451,11229
12795,14460
3517,17879
3517,18354
3517,10376
3517,3373
3517,8384
3517,10791
3517,18351
3517,4247
3517,7866
3517,8515
3517,3564
3517,3520
3517,11229
3517,501
8515,17825
8515,1556
8515,17879
8515,10376
8515,338
8515,8384
8515,3520
8515,13962
8515,11229
8515,3363
8515,3564
8515,14236
8515,7866
8515,3373
8515,18354
8515,501
8515,8712
8515,4247
8515,4518
8515,18351
15737,501
15737,8305
15737,4419
15737,14460
15737,17825
15737,3520
15737,11229
4518,4247
4518,3520
4518,3363
4518,18354
4518,15386
4518,14236
4518,5162
4518,17879
4518,11229
4518,8384
4518,8712
4518,501
4518,18351
4518,7866
4518,7189
4518,3373
4247,17879
4247,7119
4247,4419
4247,14532
4247,6740
4247,8384
4247,3520
4247,10791
4247,18351
4247,11229
4247,3564
4247,7866
4247,501
14532,11229
8305,18351
8305,16048
8305,6461
8305,501
8305,14236
8305,7866
8305,1428
8305,3564
8305,11229
8305,3520
8305,17825
7119,3373
7119,6461
7119,501
7119,11229
10791,7866
10791,501
10791,3520
10791,8384
10791,11229
6461,7189
6461,7866
6461,4419
6461,501
6461,11229
6461,3520
6461,8384
6461,14236
6461,3373
15646,7866
3373,16015
3373,8384
3373,14236
3373,3520
3373,7866
3373,3363
3373,11229
3373,501
3373,18351
3373,17879
3373,8712
18351,338
18351,10376
18351,17879
18351,14236
18351,9480
18351,3520
18351,8384
18351,11229
18351,3363
18351,7866
18351,501
18351,8712
18351,3564
18351,18354
9480,11229
9480,14236
9480,501
9480,6809
9480,7866
9480,10376
6809,10687
6809,501
6809,10376
3363,7866
3363,14236
3363,501
3363,3564
3363,8712
6740,3520
6740,3564
6740,11229
6740,19703
3520,17879
3520,14460
3520,3564
3520,17825
3520,8384
3520,14236
3520,4419
3520,501
3520,7866
3520,11229
10687,7866
10687,501
10687,10376
3564,14236
3564,8712
3564,19703
3564,501
3564,4419
3564,17825
3564,7866
3564,11229
5162,8712
5162,501
8187,11229
1459,11229
338,7866
7866,17825
7866,15386
7866,17879
7866,16048
7866,17637
7866,16015
7866,10376
7866,8712
7866,14236
7866,8384
7866,501
7866,11229
16015,10376
16015,11229
16015,16048
17825,501
17825,4419
17825,14236
17825,11229
1428,11229
16048,501
16048,11229
19703,11229
1453,11229
17879,11229
501,14460
501,8712
501,8384
501,10376
501,14236
501,11229
11229,18354
11229,10376
11229,8712
11229,14460
11229,14236
11229,8384
11229,4419
18354,8712
13962,14236
14236,8384
14460,4419
8384,7189
